Date,Price,Open,High,Low,Volume,Change%
2026-03-27,1.3895,1.3862,1.3897,1.3845,NULL,0.25%
2026-03-26,1.3861,1.3811,1.3868,1.3803,NULL,0.36%
2026-03-25,1.3811,1.3764,1.3821,1.3750,NULL,0.35%
2026-03-24,1.3763,1.3728,1.3786,1.3720,NULL,0.26%
2026-03-23,1.3727,1.3720,1.3756,1.3669,NULL,0.02%
2026-03-20,1.3724,1.3739,1.3748,1.3699,NULL,-0.11%
2026-03-19,1.3739,1.3732,1.3750,1.3704,NULL,0.04%
2026-03-18,1.3733,1.3691,1.3739,1.3687,NULL,0.31%
2026-03-17,1.3691,1.3687,1.3724,1.3679,NULL,0.03%
2026-03-16,1.3687,1.3712,1.3734,1.3652,NULL,-0.23%
2026-03-13,1.3718,1.3641,1.3742,1.3621,NULL,0.56%
2026-03-12,1.3642,1.3594,1.3644,1.3576,NULL,0.35%
2026-03-11,1.3594,1.3581,1.3607,1.3554,NULL,0.10%
2026-03-10,1.3581,1.3588,1.3603,1.3542,NULL,-0.05%
2026-03-09,1.3588,1.3601,1.3608,1.3525,NULL,0.15%
2026-03-06,1.3567,1.3678,1.3681,1.3563,NULL,-0.80%
2026-03-05,1.3676,1.3642,1.3717,1.3615,NULL,0.23%
2026-03-04,1.3644,1.3676,1.3702,1.3626,NULL,-0.26%
2026-03-03,1.3679,1.3676,1.3754,1.3653,NULL,0.02%
2026-03-02,1.3676,1.3653,1.3720,1.3637,NULL,0.23%
2026-02-27,1.3645,1.3679,1.3686,1.3624,NULL,-0.26%
2026-02-26,1.3681,1.3681,1.3714,1.3659,NULL,0.04%
2026-02-25,1.3675,1.3701,1.3708,1.3672,NULL,-0.18%
2026-02-24,1.3700,1.3697,1.3726,1.3691,NULL,0.02%
2026-02-23,1.3697,1.3681,1.3706,1.3647,NULL,0.11%
2026-02-20,1.3682,1.3680,1.3712,1.3669,NULL,0.01%
2026-02-19,1.3681,1.3697,1.3716,1.3668,NULL,-0.10%
2026-02-18,1.3695,1.3636,1.3702,1.3631,NULL,0.43%
2026-02-17,1.3636,1.3634,1.3693,1.3630,NULL,0.00%
2026-02-16,1.3636,1.3615,1.3640,1.3603,NULL,0.13%
2026-02-13,1.3618,1.3611,1.3639,1.3592,NULL,0.05%
2026-02-12,1.3611,1.3570,1.3636,1.3554,NULL,0.25%
2026-02-11,1.3577,1.3552,1.3620,1.3503,NULL,0.18%
2026-02-10,1.3552,1.3558,1.3578,1.3523,NULL,-0.04%
2026-02-09,1.3558,1.3655,1.3682,1.3552,NULL,-0.89%
2026-02-06,1.3680,1.3712,1.3726,1.3624,NULL,-0.23%
2026-02-05,1.3712,1.3661,1.3712,1.3651,NULL,0.35%
2026-02-04,1.3664,1.3641,1.3686,1.3628,NULL,0.16%
2026-02-03,1.3642,1.3680,1.3687,1.3632,NULL,-0.29%
2026-02-02,1.3681,1.3596,1.3704,1.3596,NULL,0.47%
2026-01-30,1.3617,1.3491,1.3625,1.3481,NULL,0.94%
2026-01-29,1.3490,1.3556,1.3579,1.3484,NULL,-0.49%
2026-01-28,1.3557,1.3583,1.3615,1.3535,NULL,-0.13%
2026-01-27,1.3575,1.3705,1.3741,1.3558,NULL,-0.96%
2026-01-26,1.3707,1.3708,1.3721,1.3670,NULL,0.04%
2026-01-23,1.3701,1.3785,1.3801,1.3693,NULL,-0.62%
2026-01-22,1.3786,1.3834,1.3846,1.3782,NULL,-0.35%
2026-01-21,1.3835,1.3832,1.3844,1.3785,NULL,-0.01%
2026-01-20,1.3837,1.3869,1.3880,1.3813,NULL,-0.23%
2026-01-19,1.3869,1.3909,1.3920,1.3859,NULL,-0.34%
2026-01-16,1.3916,1.3889,1.3930,1.3884,NULL,0.17%
2026-01-15,1.3893,1.3882,1.3921,1.3876,NULL,0.09%
2026-01-14,1.3881,1.3889,1.3899,1.3866,NULL,-0.06%
2026-01-13,1.3889,1.3874,1.3899,1.3855,NULL,0.07%
2026-01-12,1.3879,1.3910,1.3919,1.3867,NULL,-0.25%
2026-01-09,1.3914,1.3863,1.3921,1.3861,NULL,0.36%
2026-01-08,1.3864,1.3861,1.3889,1.3849,NULL,0.01%
2026-01-07,1.3862,1.3813,1.3863,1.3790,NULL,0.34%
2026-01-06,1.3815,1.3772,1.3818,1.3750,NULL,0.30%
2026-01-05,1.3773,1.3735,1.3817,1.3729,NULL,0.32%
2026-01-02,1.3729,1.3724,1.3748,1.3700,NULL,0.01%
2026-01-01,1.3727,1.3725,1.3727,1.3725,NULL,0.01%
2025-12-31,1.3725,1.3693,1.3729,1.3687,NULL,0.20%
2025-12-30,1.3697,1.3691,1.3710,1.3678,NULL,0.04%
2025-12-29,1.3691,1.3666,1.3703,1.3657,NULL,0.14%
2025-12-26,1.3672,1.3682,1.3687,1.3642,NULL,-0.07%
2025-12-25,1.3682,1.3672,1.3685,1.3667,NULL,0.04%
2025-12-24,1.3676,1.3689,1.3695,1.3664,NULL,-0.09%
2025-12-23,1.3688,1.3750,1.3755,1.3685,NULL,-0.44%
2025-12-22,1.3749,1.3796,1.3806,1.3735,NULL,-0.38%
2025-12-19,1.3802,1.3778,1.3807,1.3754,NULL,0.19%
2025-12-18,1.3776,1.3786,1.3798,1.3755,NULL,-0.07%
2025-12-17,1.3786,1.3756,1.3800,1.3752,NULL,0.22%
2025-12-16,1.3756,1.3771,1.3783,1.3729,NULL,-0.09%
2025-12-15,1.3769,1.3767,1.3790,1.3747,NULL,-0.03%
2025-12-12,1.3773,1.3773,1.3796,1.3752,NULL,0.01%
2025-12-11,1.3771,1.3792,1.3825,1.3756,NULL,-0.17%
2025-12-10,1.3794,1.3849,1.3873,1.3783,NULL,-0.39%
2025-12-09,1.3848,1.3857,1.3862,1.3823,NULL,-0.07%
2025-12-08,1.3858,1.3828,1.3861,1.3799,NULL,0.30%
2025-12-05,1.3816,1.3958,1.3962,1.3815,NULL,-1.02%
2025-12-04,1.3958,1.3950,1.3979,1.3925,NULL,0.06%
2025-12-03,1.3950,1.3973,1.3977,1.3937,NULL,-0.14%
2025-12-02,1.3970,1.3999,1.4015,1.3966,NULL,-0.20%
2025-12-01,1.3998,1.3975,1.4003,1.3954,NULL,0.17%
2025-11-28,1.3974,1.4031,1.4053,1.3937,NULL,-0.40%
2025-11-27,1.4030,1.4044,1.4051,1.4028,NULL,-0.10%
2025-11-26,1.4044,1.4097,1.4106,1.4034,NULL,-0.38%
2025-11-25,1.4097,1.4111,1.4126,1.4089,NULL,-0.08%
2025-11-24,1.4108,1.4104,1.4120,1.4091,NULL,0.05%
2025-11-21,1.4101,1.4097,1.4132,1.4080,NULL,0.03%
2025-11-20,1.4097,1.4050,1.4109,1.4039,NULL,0.33%
2025-11-19,1.4051,1.3989,1.4067,1.3983,NULL,0.44%
2025-11-18,1.3990,1.4055,1.4064,1.3971,NULL,-0.46%
2025-11-17,1.4055,1.4027,1.4059,1.4013,NULL,0.22%
2025-11-14,1.4024,1.4036,1.4047,1.4013,NULL,-0.09%
2025-11-13,1.4036,1.4006,1.4039,1.3985,NULL,0.21%
2025-11-12,1.4006,1.4013,1.4024,1.3989,NULL,-0.08%
2025-11-11,1.4017,1.4026,1.4043,1.4001,NULL,-0.02%
2025-11-10,1.4020,1.4044,1.4059,1.4000,NULL,-0.21%
2025-11-07,1.4049,1.4116,1.4128,1.4027,NULL,-0.49%
2025-11-06,1.4118,1.4107,1.4141,1.4090,NULL,0.06%
2025-11-05,1.4109,1.4105,1.4141,1.4098,NULL,0.04%
2025-11-04,1.4104,1.4056,1.4110,1.4053,NULL,0.34%
2025-11-03,1.4056,1.4004,1.4076,1.4004,NULL,0.32%
2025-10-31,1.4011,1.3987,1.4036,1.3978,NULL,0.18%
2025-10-30,1.3986,1.3943,1.4015,1.3926,NULL,0.31%
2025-10-29,1.3943,1.3947,1.3956,1.3887,NULL,-0.03%
2025-10-28,1.3947,1.3990,1.4007,1.3933,NULL,-0.31%
2025-10-27,1.3990,1.3999,1.4017,1.3969,NULL,-0.04%
2025-10-24,1.3996,1.3991,1.4040,1.3973,NULL,0.03%
2025-10-23,1.3992,1.3994,1.4006,1.3979,NULL,-0.01%
2025-10-22,1.3994,1.4022,1.4034,1.3975,NULL,-0.21%
2025-10-21,1.4023,1.4036,1.4067,1.4003,NULL,-0.11%
2025-10-20,1.4038,1.4023,1.4053,1.4005,NULL,0.12%
2025-10-17,1.4021,1.4051,1.4069,1.4008,NULL,-0.24%
2025-10-16,1.4055,1.4043,1.4062,1.4022,NULL,0.08%
2025-10-15,1.4044,1.4046,1.4061,1.4026,NULL,-0.01%
2025-10-14,1.4046,1.4037,1.4081,1.4027,NULL,0.07%
2025-10-13,1.4036,1.4001,1.4040,1.3981,NULL,0.20%
2025-10-10,1.4008,1.4021,1.4036,1.3975,NULL,-0.09%
2025-10-09,1.4021,1.3952,1.4034,1.3933,NULL,0.49%
2025-10-08,1.3952,1.3949,1.3973,1.3931,NULL,0.01%
2025-10-07,1.3950,1.3943,1.3964,1.3938,NULL,0.05%
2025-10-06,1.3943,1.3959,1.3969,1.3939,NULL,-0.06%
2025-10-03,1.3952,1.3969,1.3971,1.3939,NULL,-0.12%
2025-10-02,1.3969,1.3935,1.3988,1.3931,NULL,0.24%
2025-10-01,1.3935,1.3921,1.3958,1.3906,NULL,0.11%
2025-09-30,1.3920,1.3914,1.3937,1.3895,NULL,0.04%
2025-09-29,1.3914,1.3944,1.3948,1.3902,NULL,-0.21%
2025-09-26,1.3943,1.3939,1.3960,1.3926,NULL,0.01%
2025-09-25,1.3941,1.3896,1.3951,1.3884,NULL,0.32%
2025-09-24,1.3897,1.3835,1.3908,1.3832,NULL,0.45%
2025-09-23,1.3835,1.3818,1.3851,1.3811,NULL,0.12%
2025-09-22,1.3819,1.3785,1.3832,1.3775,NULL,0.28%
2025-09-19,1.3781,1.3796,1.3827,1.3768,NULL,-0.11%
2025-09-18,1.3796,1.3774,1.3811,1.3765,NULL,0.17%
2025-09-17,1.3773,1.3740,1.3789,1.3725,NULL,0.25%
2025-09-16,1.3739,1.3776,1.3785,1.3733,NULL,-0.28%
2025-09-15,1.3778,1.3849,1.3849,1.3766,NULL,-0.46%
2025-09-12,1.3842,1.3832,1.3865,1.3830,NULL,0.07%
2025-09-11,1.3832,1.3865,1.3891,1.3825,NULL,-0.22%
2025-09-10,1.3863,1.3843,1.3871,1.3830,NULL,0.14%
2025-09-09,1.3843,1.3805,1.3861,1.3792,NULL,0.28%
2025-09-08,1.3804,1.3826,1.3846,1.3788,NULL,-0.19%
2025-09-05,1.3830,1.3818,1.3856,1.3759,NULL,0.08%
2025-09-04,1.3819,1.3794,1.3847,1.3791,NULL,0.18%
2025-09-03,1.3794,1.3781,1.3809,1.3777,NULL,0.08%
2025-09-02,1.3783,1.3750,1.3817,1.3745,NULL,0.23%
2025-09-01,1.3751,1.3737,1.3764,1.3731,NULL,0.04%
2025-08-29,1.3745,1.3750,1.3781,1.3726,NULL,-0.02%
2025-08-28,1.3748,1.3790,1.3792,1.3740,NULL,-0.30%
2025-08-27,1.3790,1.3838,1.3859,1.3782,NULL,-0.35%
2025-08-26,1.3838,1.3860,1.3870,1.3822,NULL,-0.16%
2025-08-25,1.3860,1.3824,1.3865,1.3816,NULL,0.24%
2025-08-22,1.3827,1.3910,1.3926,1.3813,NULL,-0.60%
2025-08-21,1.3911,1.3874,1.3914,1.3869,NULL,0.27%
2025-08-20,1.3874,1.3869,1.3885,1.3853,NULL,0.04%
2025-08-19,1.3868,1.3804,1.3871,1.3795,NULL,0.47%
2025-08-18,1.3803,1.3815,1.3832,1.3782,NULL,-0.12%
2025-08-15,1.3819,1.3816,1.3821,1.3787,NULL,0.01%
2025-08-14,1.3817,1.3759,1.3821,1.3744,NULL,0.41%
2025-08-13,1.3760,1.3771,1.3783,1.3750,NULL,-0.09%
2025-08-12,1.3773,1.3780,1.3808,1.3753,NULL,-0.04%
2025-08-11,1.3779,1.3759,1.3796,1.3744,NULL,0.15%
2025-08-08,1.3758,1.3747,1.3765,1.3725,NULL,0.09%
2025-08-07,1.3745,1.3741,1.3775,1.3721,NULL,0.02%
2025-08-06,1.3742,1.3773,1.3781,1.3735,NULL,-0.23%
2025-08-05,1.3773,1.3778,1.3811,1.3763,NULL,-0.04%
2025-08-04,1.3779,1.3790,1.3796,1.3758,NULL,-0.07%
2025-08-01,1.3788,1.3855,1.3881,1.3763,NULL,-0.48%
2025-07-31,1.3855,1.3828,1.3860,1.3813,NULL,0.19%
2025-07-30,1.3829,1.3770,1.3846,1.3758,NULL,0.42%
2025-07-29,1.3771,1.3738,1.3790,1.3731,NULL,0.23%
2025-07-28,1.3739,1.3695,1.3744,1.3689,NULL,0.27%
2025-07-25,1.3702,1.3642,1.3726,1.3636,NULL,0.46%
2025-07-24,1.3639,1.3594,1.3657,1.3590,NULL,0.32%
2025-07-23,1.3595,1.3604,1.3630,1.3575,NULL,-0.08%
2025-07-22,1.3606,1.3688,1.3697,1.3602,NULL,-0.56%
2025-07-21,1.3683,1.3718,1.3736,1.3676,NULL,-0.30%
2025-07-18,1.3724,1.3752,1.3756,1.3694,NULL,-0.20%
2025-07-17,1.3752,1.3684,1.3776,1.3683,NULL,0.50%
2025-07-16,1.3683,1.3725,1.3756,1.3679,NULL,-0.30%
2025-07-15,1.3724,1.3697,1.3731,1.3670,NULL,0.13%
2025-07-14,1.3706,1.3696,1.3719,1.3669,NULL,0.11%
2025-07-11,1.3691,1.3657,1.3732,1.3651,NULL,0.26%
2025-07-10,1.3655,1.3685,1.3710,1.3653,NULL,-0.23%
2025-07-09,1.3686,1.3666,1.3711,1.3660,NULL,0.18%
2025-07-08,1.3661,1.3681,1.3695,1.3637,NULL,-0.16%
2025-07-07,1.3683,1.3605,1.3687,1.3594,NULL,0.58%
2025-07-04,1.3604,1.3579,1.3619,1.3566,NULL,0.15%
2025-07-03,1.3583,1.3588,1.3625,1.3556,NULL,-0.04%
2025-07-02,1.3588,1.3646,1.3660,1.3583,NULL,-0.43%
2025-07-01,1.3646,1.3611,1.3668,1.3590,NULL,0.27%
2025-06-30,1.3609,1.3686,1.3705,1.3599,NULL,-0.53%
2025-06-27,1.3682,1.3644,1.3760,1.3627,NULL,0.29%
2025-06-26,1.3642,1.3724,1.3732,1.3617,NULL,-0.61%
2025-06-25,1.3726,1.3726,1.3756,1.3712,NULL,0.00%
2025-06-24,1.3726,1.3734,1.3740,1.3678,NULL,-0.05%
2025-06-23,1.3733,1.3738,1.3800,1.3724,NULL,-0.01%
2025-06-20,1.3734,1.3708,1.3748,1.3687,NULL,0.24%
2025-06-19,1.3701,1.3695,1.3748,1.3685,NULL,0.03%
2025-06-18,1.3697,1.3678,1.3704,1.3634,NULL,0.12%
2025-06-17,1.3681,1.3571,1.3695,1.3556,NULL,0.81%
2025-06-16,1.3571,1.3596,1.3609,1.3539,NULL,-0.10%
2025-06-13,1.3585,1.3607,1.3653,1.3566,NULL,-0.13%
2025-06-12,1.3603,1.3671,1.3676,1.3599,NULL,-0.50%
2025-06-11,1.3672,1.3670,1.3691,1.3649,NULL,0.01%
2025-06-10,1.3670,1.3700,1.3730,1.3668,NULL,-0.22%
2025-06-09,1.3700,1.3698,1.3708,1.3668,NULL,0.05%
2025-06-06,1.3693,1.3677,1.3706,1.3660,NULL,0.12%
2025-06-05,1.3676,1.3676,1.3685,1.3634,NULL,-0.02%
2025-06-04,1.3679,1.3721,1.3733,1.3651,NULL,-0.31%
2025-06-03,1.3721,1.3714,1.3744,1.3700,NULL,0.05%
2025-06-02,1.3714,1.3739,1.3748,1.3674,NULL,-0.20%
2025-05-30,1.3741,1.3809,1.3831,1.3714,NULL,-0.49%
2025-05-29,1.3809,1.3836,1.3863,1.3784,NULL,-0.20%
2025-05-28,1.3836,1.3809,1.3846,1.3801,NULL,0.20%
2025-05-27,1.3809,1.3737,1.3837,1.3722,NULL,0.52%
2025-05-26,1.3737,1.3704,1.3754,1.3686,NULL,-0.02%
2025-05-23,1.3740,1.3857,1.3865,1.3708,NULL,-0.84%
2025-05-22,1.3857,1.3861,1.3890,1.3845,NULL,-0.02%
2025-05-21,1.3860,1.3918,1.3922,1.3813,NULL,-0.40%
2025-05-20,1.3916,1.3952,1.3970,1.3908,NULL,-0.26%
2025-05-19,1.3952,1.3970,1.3979,1.3916,NULL,-0.10%
2025-05-16,1.3966,1.3960,1.3996,1.3934,NULL,0.05%
2025-05-15,1.3959,1.3983,1.4006,1.3955,NULL,-0.17%
2025-05-14,1.3983,1.3935,1.3988,1.3901,NULL,0.34%
2025-05-13,1.3935,1.3975,1.4017,1.3931,NULL,-0.29%
2025-05-12,1.3975,1.3931,1.4017,1.3891,NULL,0.27%
2025-05-09,1.3937,1.3926,1.3946,1.3906,NULL,0.09%
2025-05-08,1.3925,1.3839,1.3934,1.3813,NULL,0.62%
2025-05-07,1.3839,1.3779,1.3841,1.3763,NULL,0.44%
2025-05-06,1.3778,1.3822,1.3847,1.3750,NULL,-0.35%
2025-05-05,1.3826,1.3786,1.3840,1.3777,NULL,0.04%
2025-05-02,1.3821,1.3854,1.3859,1.3759,NULL,-0.25%
2025-05-01,1.3855,1.3797,1.3864,1.3784,NULL,0.41%
2025-04-30,1.3799,1.3834,1.3857,1.3769,NULL,-0.25%
2025-04-29,1.3834,1.3830,1.3872,1.3808,NULL,0.03%
2025-04-28,1.3830,1.3862,1.3893,1.3816,NULL,-0.19%
2025-04-25,1.3857,1.3851,1.3893,1.3845,NULL,0.04%
2025-04-24,1.3851,1.3885,1.3901,1.3839,NULL,-0.23%
2025-04-23,1.3883,1.3817,1.3906,1.3797,NULL,0.48%
2025-04-22,1.3817,1.3842,1.3863,1.3792,NULL,-0.17%
2025-04-21,1.3841,1.3843,1.3852,1.3780,NULL,-0.05%
2025-04-18,1.3848,1.3847,1.3872,1.3833,NULL,0.12%
2025-04-17,1.3832,1.3862,1.3908,1.3828,NULL,-0.17%
2025-04-16,1.3855,1.3954,1.3967,1.3855,NULL,-0.70%
2025-04-15,1.3953,1.3870,1.3980,1.3849,NULL,0.58%
2025-04-14,1.3873,1.3871,1.3912,1.3828,NULL,0.06%
2025-04-11,1.3864,1.3983,1.3992,1.3838,NULL,-0.83%
2025-04-10,1.3980,1.4085,1.4112,1.3951,NULL,-0.74%
2025-04-09,1.4084,1.4263,1.4275,1.4074,NULL,-1.25%
2025-04-08,1.4262,1.4249,1.4273,1.4143,NULL,0.11%
2025-04-07,1.4247,1.4250,1.4298,1.4178,NULL,0.20%
2025-04-04,1.4218,1.4092,1.4261,1.4053,NULL,0.87%
2025-04-03,1.4095,1.4236,1.4320,1.4027,NULL,-0.95%
2025-04-02,1.4230,1.4303,1.4368,1.4228,NULL,-0.50%
2025-04-01,1.4301,1.4386,1.4417,1.4298,NULL,-0.60%
2025-03-31,1.4387,1.4311,1.4397,1.4299,NULL,0.49%
2025-03-28,1.4317,1.4306,1.4335,1.4276,NULL,0.09%
2025-03-27,1.4304,1.4267,1.4330,1.4259,NULL,0.28%
2025-03-26,1.4264,1.4280,1.4300,1.4234,NULL,-0.09%
2025-03-25,1.4277,1.4320,1.4333,1.4271,NULL,-0.29%
2025-03-24,1.4318,1.4350,1.4358,1.4289,NULL,-0.22%
2025-03-21,1.4349,1.4326,1.4375,1.4313,NULL,0.18%
2025-03-20,1.4323,1.4326,1.4402,1.4312,NULL,-0.01%
2025-03-19,1.4324,1.4301,1.4351,1.4295,NULL,0.17%
2025-03-18,1.4299,1.4290,1.4322,1.4269,NULL,0.08%
2025-03-17,1.4288,1.4383,1.4384,1.4274,NULL,-0.56%
2025-03-14,1.4369,1.4438,1.4449,1.4355,NULL,-0.48%
2025-03-13,1.4439,1.4371,1.4453,1.4358,NULL,0.49%
2025-03-12,1.4368,1.4436,1.4486,1.4353,NULL,-0.44%
2025-03-11,1.4432,1.4439,1.4522,1.4379,NULL,-0.02%
2025-03-10,1.4435,1.4379,1.4473,1.4353,NULL,0.40%
2025-03-07,1.4377,1.4297,1.4428,1.4279,NULL,0.57%
2025-03-06,1.4295,1.4341,1.4377,1.4242,NULL,-0.29%
2025-03-05,1.4337,1.4397,1.4451,1.4330,NULL,-0.35%
2025-03-04,1.4388,1.4484,1.4543,1.4371,NULL,-0.62%
2025-03-03,1.4478,1.4467,1.4543,1.4369,NULL,0.09%
2025-02-28,1.4465,1.4442,1.4473,1.4399,NULL,0.19%
2025-02-27,1.4438,1.4336,1.4451,1.4321,NULL,0.70%
2025-02-26,1.4337,1.4314,1.4370,1.4293,NULL,0.17%
2025-02-25,1.4312,1.4261,1.4319,1.4239,NULL,0.37%
2025-02-24,1.4259,1.4219,1.4269,1.4181,NULL,0.27%
2025-02-21,1.4220,1.4177,1.4238,1.4168,NULL,0.32%
2025-02-20,1.4174,1.4237,1.4246,1.4166,NULL,-0.42%
2025-02-19,1.4234,1.4200,1.4247,1.4175,NULL,0.26%
2025-02-18,1.4197,1.4183,1.4214,1.4179,NULL,0.12%
2025-02-17,1.4180,1.4181,1.4196,1.4159,NULL,-0.01%
2025-02-14,1.4181,1.4194,1.4203,1.4151,NULL,-0.07%
2025-02-13,1.4191,1.4304,1.4308,1.4183,NULL,-0.80%
2025-02-12,1.4305,1.4287,1.4344,1.4255,NULL,0.15%
2025-02-11,1.4283,1.4317,1.4347,1.4278,NULL,-0.22%
2025-02-10,1.4315,1.4297,1.4381,1.4289,NULL,0.15%
2025-02-07,1.4294,1.4310,1.4347,1.4272,NULL,-0.10%
2025-02-06,1.4308,1.4314,1.4368,1.4301,NULL,0.01%
2025-02-05,1.4307,1.4322,1.4346,1.4269,NULL,-0.10%
2025-02-04,1.4321,1.4428,1.4504,1.4301,NULL,-0.74%
2025-02-03,1.4428,1.4689,1.4794,1.4389,NULL,-0.66%
2025-01-31,1.4524,1.4491,1.4560,1.4372,NULL,0.25%
2025-01-30,1.4488,1.4421,1.4595,1.4392,NULL,0.49%
2025-01-29,1.4417,1.4400,1.4473,1.4391,NULL,0.13%
2025-01-28,1.4398,1.4373,1.4421,1.4368,NULL,0.19%
2025-01-27,1.4370,1.4345,1.4402,1.4333,NULL,0.20%
2025-01-24,1.4342,1.4383,1.4385,1.4314,NULL,-0.29%
2025-01-23,1.4383,1.4373,1.4415,1.4333,NULL,0.06%
2025-01-22,1.4375,1.4323,1.4393,1.4301,NULL,0.39%
2025-01-21,1.4319,1.4304,1.4516,1.4289,NULL,0.09%
2025-01-20,1.4306,1.4461,1.4487,1.4261,NULL,-1.20%
2025-01-17,1.4480,1.4394,1.4485,1.4381,NULL,0.60%
2025-01-16,1.4393,1.4344,1.4404,1.4322,NULL,0.37%
2025-01-15,1.4340,1.4349,1.4368,1.4301,NULL,-0.06%
2025-01-14,1.4348,1.4373,1.4412,1.4343,NULL,-0.21%
2025-01-13,1.4378,1.4428,1.4449,1.4375,NULL,-0.31%
2025-01-10,1.4422,1.4394,1.4445,1.4374,NULL,0.19%
2025-01-09,1.4394,1.4375,1.4406,1.4365,NULL,0.15%
2025-01-08,1.4372,1.4366,1.4411,1.4339,NULL,0.03%
2025-01-07,1.4367,1.4335,1.4373,1.4297,NULL,0.27%
2025-01-06,1.4329,1.4447,1.4454,1.4279,NULL,-0.82%
2025-01-03,1.4447,1.4400,1.4465,1.4383,NULL,0.33%
2025-01-02,1.4400,1.4386,1.4444,1.4368,NULL,0.10%
2025-01-01,1.4385,1.4383,1.4389,1.4379,NULL,0.03%
2024-12-31,1.4380,1.4360,1.4411,1.4337,NULL,0.19%
2024-12-30,1.4353,1.4415,1.4434,1.4344,NULL,-0.37%
2024-12-27,1.4407,1.4408,1.4451,1.4375,NULL,0.00%
2024-12-26,1.4407,1.4365,1.4421,1.4349,NULL,0.30%
2024-12-25,1.4364,1.4356,1.4375,1.4354,NULL,0.03%
2024-12-24,1.4360,1.4371,1.4421,1.4347,NULL,-0.06%
2024-12-23,1.4368,1.4360,1.4434,1.4349,NULL,0.00%
2024-12-20,1.4368,1.4398,1.4436,1.4335,NULL,-0.20%
2024-12-19,1.4397,1.4448,1.4469,1.4344,NULL,-0.35%
2024-12-18,1.4447,1.4310,1.4450,1.4304,NULL,0.96%
2024-12-17,1.4310,1.4242,1.4326,1.4232,NULL,0.48%
2024-12-16,1.4242,1.4232,1.4270,1.4217,NULL,0.09%
2024-12-13,1.4229,1.4221,1.4246,1.4209,NULL,0.06%
2024-12-12,1.4220,1.4158,1.4229,1.4131,NULL,0.45%
2024-12-11,1.4157,1.4177,1.4195,1.4120,NULL,-0.15%
2024-12-10,1.4178,1.4170,1.4196,1.4154,NULL,0.05%
2024-12-09,1.4171,1.4158,1.4177,1.4093,NULL,0.11%
2024-12-06,1.4155,1.4029,1.4166,1.4018,NULL,0.95%
2024-12-05,1.4022,1.4074,1.4080,1.4010,NULL,-0.36%
2024-12-04,1.4073,1.4068,1.4084,1.4051,NULL,0.04%
2024-12-03,1.4068,1.4050,1.4077,1.4009,NULL,0.17%
2024-12-02,1.4044,1.4007,1.4091,1.3986,NULL,0.30%
2024-11-29,1.4002,1.4017,1.4047,1.3979,NULL,-0.06%
2024-11-28,1.4011,1.4030,1.4033,1.3998,NULL,-0.12%
2024-11-27,1.4028,1.4053,1.4079,1.4009,NULL,-0.17%
2024-11-26,1.4052,1.3987,1.4179,1.3981,NULL,0.47%
2024-11-25,1.3986,1.3974,1.4009,1.3927,NULL,0.04%
2024-11-22,1.3980,1.3971,1.4022,1.3957,NULL,0.07%
2024-11-21,1.3970,1.3976,1.3979,1.3930,NULL,-0.01%
2024-11-20,1.3972,1.3958,1.4015,1.3950,NULL,0.14%
2024-11-19,1.3953,1.4014,1.4038,1.3954,NULL,-0.44%
2024-11-18,1.4014,1.4091,1.4104,1.4003,NULL,-0.53%
2024-11-15,1.4088,1.4055,1.4107,1.4032,NULL,0.22%
2024-11-14,1.4057,1.3997,1.4065,1.3987,NULL,0.44%
2024-11-13,1.3996,1.3945,1.4004,1.3931,NULL,0.37%
2024-11-12,1.3944,1.3925,1.3969,1.3916,NULL,0.14%
2024-11-11,1.3924,1.3909,1.3952,1.3894,NULL,0.12%
2024-11-08,1.3908,1.3862,1.3930,1.3857,NULL,0.34%
2024-11-07,1.3861,1.3939,1.3950,1.3841,NULL,-0.55%
2024-11-06,1.3938,1.3825,1.3960,1.3822,NULL,0.83%
2024-11-05,1.3823,1.3902,1.3908,1.3823,NULL,-0.56%
2024-11-04,1.3901,1.3944,1.3945,1.3874,NULL,-0.35%
2024-11-01,1.3950,1.3931,1.3960,1.3903,NULL,0.12%
2024-10-31,1.3933,1.3905,1.3947,1.3891,NULL,0.22%
2024-10-30,1.3903,1.3915,1.3942,1.3894,NULL,-0.08%
2024-10-29,1.3914,1.3893,1.3931,1.3876,NULL,0.18%
2024-10-28,1.3889,1.3891,1.3910,1.3881,NULL,-0.01%
2024-10-25,1.3891,1.3855,1.3899,1.3837,NULL,0.27%
2024-10-24,1.3854,1.3839,1.3870,1.3811,NULL,0.13%
2024-10-23,1.3836,1.3819,1.3864,1.3815,NULL,0.14%
2024-10-22,1.3816,1.3832,1.3840,1.3813,NULL,-0.11%
2024-10-21,1.3831,1.3802,1.3851,1.3798,NULL,0.22%
2024-10-18,1.3800,1.3797,1.3817,1.3784,NULL,0.04%
2024-10-17,1.3794,1.3754,1.3803,1.3746,NULL,0.32%
2024-10-16,1.3750,1.3775,1.3794,1.3749,NULL,-0.17%
2024-10-15,1.3774,1.3796,1.3840,1.3769,NULL,-0.15%
2024-10-14,1.3795,1.3760,1.3807,1.3756,NULL,0.24%
2024-10-11,1.3762,1.3740,1.3785,1.3725,NULL,0.17%
2024-10-10,1.3739,1.3712,1.3777,1.3698,NULL,0.21%
2024-10-09,1.3710,1.3647,1.3720,1.3642,NULL,0.46%
2024-10-08,1.3647,1.3620,1.3676,1.3610,NULL,0.23%
2024-10-07,1.3616,1.3568,1.3641,1.3567,NULL,0.33%
2024-10-04,1.3571,1.3555,1.3592,1.3544,NULL,0.14%
2024-10-03,1.3552,1.3502,1.3561,1.3494,NULL,0.38%
2024-10-02,1.3501,1.3491,1.3512,1.3472,NULL,0.08%
2024-10-01,1.3490,1.3525,1.3541,1.3481,NULL,-0.25%
2024-09-30,1.3524,1.3514,1.3539,1.3489,NULL,0.09%
2024-09-27,1.3512,1.3465,1.3528,1.3463,NULL,0.36%
2024-09-26,1.3464,1.3486,1.3491,1.3457,NULL,-0.14%
2024-09-25,1.3483,1.3432,1.3488,1.3419,NULL,0.39%
2024-09-24,1.3430,1.3539,1.3542,1.3430,NULL,-0.81%
2024-09-23,1.3540,1.3562,1.3584,1.3486,NULL,-0.21%
2024-09-20,1.3569,1.3559,1.3591,1.3541,NULL,0.08%
2024-09-19,1.3558,1.3604,1.3649,1.3532,NULL,-0.34%
2024-09-18,1.3604,1.3596,1.3624,1.3541,NULL,0.05%
2024-09-17,1.3597,1.3584,1.3618,1.3579,NULL,0.09%
2024-09-16,1.3585,1.3592,1.3609,1.3566,NULL,0.00%
2024-09-13,1.3585,1.3582,1.3601,1.3564,NULL,0.04%
2024-09-12,1.3580,1.3575,1.3606,1.3564,NULL,0.07%
2024-09-11,1.3571,1.3609,1.3624,1.3566,NULL,-0.29%
2024-09-10,1.3610,1.3558,1.3617,1.3554,NULL,0.40%
2024-09-09,1.3556,1.3571,1.3580,1.3545,NULL,-0.11%
2024-09-06,1.3571,1.3505,1.3584,1.3466,NULL,0.50%
2024-09-05,1.3503,1.3507,1.3527,1.3501,NULL,-0.02%
2024-09-04,1.3506,1.3554,1.3567,1.3500,NULL,-0.32%
2024-09-03,1.3550,1.3493,1.3564,1.3491,NULL,0.44%
2024-09-02,1.3491,1.3489,1.3506,1.3480,NULL,-0.01%
2024-08-30,1.3493,1.3484,1.3510,1.3465,NULL,0.07%
2024-08-29,1.3483,1.3479,1.3492,1.3449,NULL,0.02%
2024-08-28,1.3480,1.3447,1.3489,1.3440,NULL,0.30%
2024-08-27,1.3440,1.3487,1.3489,1.3442,NULL,-0.35%
2024-08-26,1.3487,1.3506,1.3518,1.3462,NULL,-0.15%
2024-08-23,1.3507,1.3617,1.3619,1.3498,NULL,-0.79%
2024-08-22,1.3615,1.3595,1.3620,1.3571,NULL,0.15%
2024-08-21,1.3595,1.3621,1.3626,1.3575,NULL,-0.17%
2024-08-20,1.3618,1.3634,1.3643,1.3604,NULL,-0.12%
2024-08-19,1.3634,1.3695,1.3695,1.3628,NULL,-0.31%
2024-08-16,1.3676,1.3730,1.3739,1.3677,NULL,-0.38%
2024-08-15,1.3728,1.3718,1.3740,1.3694,NULL,0.10%
2024-08-14,1.3714,1.3705,1.3726,1.3688,NULL,0.07%
2024-08-13,1.3704,1.3744,1.3748,1.3705,NULL,-0.27%
2024-08-12,1.3741,1.3730,1.3748,1.3718,NULL,0.09%
2024-08-09,1.3729,1.3732,1.3752,1.3718,NULL,0.01%
2024-08-08,1.3728,1.3760,1.3767,1.3726,NULL,-0.22%
2024-08-07,1.3758,1.3785,1.3792,1.3721,NULL,-0.20%
2024-08-06,1.3785,1.3825,1.3857,1.3756,NULL,-0.27%
2024-08-05,1.3823,1.3872,1.3947,1.3809,NULL,-0.35%
2024-08-02,1.3872,1.3876,1.3889,1.3833,NULL,-0.01%
2024-08-01,1.3873,1.3807,1.3891,1.3796,NULL,0.47%
2024-07-31,1.3808,1.3849,1.3860,1.3787,NULL,-0.28%
2024-07-30,1.3847,1.3853,1.3866,1.3837,NULL,-0.03%
2024-07-29,1.3851,1.3834,1.3866,1.3815,NULL,0.13%
2024-07-26,1.3833,1.3825,1.3850,1.3806,NULL,0.07%
2024-07-25,1.3824,1.3808,1.3849,1.3796,NULL,0.12%
2024-07-24,1.3807,1.3785,1.3817,1.3777,NULL,0.19%
2024-07-23,1.3781,1.3755,1.3787,1.3752,NULL,0.22%
2024-07-22,1.3751,1.3727,1.3776,1.3705,NULL,0.14%
2024-07-19,1.3732,1.3706,1.3749,1.3701,NULL,0.20%
2024-07-18,1.3704,1.3683,1.3720,1.3670,NULL,0.16%
2024-07-17,1.3682,1.3674,1.3703,1.3655,NULL,0.08%
2024-07-16,1.3671,1.3684,1.3709,1.3665,NULL,-0.08%
2024-07-15,1.3682,1.3633,1.3690,1.3630,NULL,0.37%
2024-07-12,1.3631,1.3632,1.3641,1.3610,NULL,-0.01%
2024-07-11,1.3632,1.3620,1.3649,1.3588,NULL,0.10%
2024-07-10,1.3618,1.3636,1.3644,1.3607,NULL,-0.12%
2024-07-09,1.3634,1.3639,1.3649,1.3627,NULL,-0.01%
2024-07-08,1.3635,1.3641,1.3649,1.3623,NULL,-0.03%
2024-07-05,1.3639,1.3613,1.3655,1.3602,NULL,0.19%
2024-07-04,1.3613,1.3637,1.3643,1.3607,NULL,-0.18%
2024-07-03,1.3638,1.3678,1.3688,1.3617,NULL,-0.28%
2024-07-02,1.3676,1.3737,1.3756,1.3667,NULL,-0.43%
2024-07-01,1.3735,1.3678,1.3750,1.3662,NULL,0.42%
2024-06-28,1.3677,1.3701,1.3735,1.3654,NULL,-0.18%
2024-06-27,1.3701,1.3702,1.3714,1.3676,NULL,0.01%
2024-06-26,1.3700,1.3657,1.3709,1.3649,NULL,0.33%
2024-06-25,1.3655,1.3657,1.3682,1.3629,NULL,0.01%
2024-06-24,1.3654,1.3696,1.3710,1.3649,NULL,-0.29%
2024-06-21,1.3694,1.3687,1.3719,1.3674,NULL,0.05%
2024-06-20,1.3687,1.3708,1.3722,1.3681,NULL,-0.13%
2024-06-19,1.3705,1.3718,1.3727,1.3697,NULL,-0.09%
2024-06-18,1.3717,1.3724,1.3758,1.3708,NULL,-0.04%
2024-06-17,1.3722,1.3735,1.3766,1.3720,NULL,-0.09%
2024-06-14,1.3735,1.3745,1.3781,1.3727,NULL,-0.05%
2024-06-13,1.3742,1.3723,1.3766,1.3714,NULL,0.15%
2024-06-12,1.3722,1.3759,1.3762,1.3679,NULL,-0.25%
2024-06-11,1.3757,1.3760,1.3793,1.3747,NULL,-0.01%
2024-06-10,1.3758,1.3755,1.3783,1.3753,NULL,-0.04%
2024-06-07,1.3764,1.3670,1.3769,1.3662,NULL,0.70%
2024-06-06,1.3668,1.3695,1.3711,1.3664,NULL,-0.18%
2024-06-05,1.3692,1.3678,1.3743,1.3665,NULL,0.10%
2024-06-04,1.3678,1.3628,1.3700,1.3620,NULL,0.37%
2024-06-03,1.3627,1.3628,1.3670,1.3602,NULL,0.01%
2024-05-31,1.3626,1.3679,1.3691,1.3618,NULL,-0.38%
2024-05-30,1.3678,1.3718,1.3736,1.3659,NULL,-0.26%
2024-05-29,1.3714,1.3644,1.3721,1.3641,NULL,0.51%
2024-05-28,1.3645,1.3637,1.3655,1.3613,NULL,0.10%
2024-05-27,1.3632,1.3668,1.3673,1.3628,NULL,-0.21%
2024-05-24,1.3661,1.3734,1.3740,1.3647,NULL,-0.50%
2024-05-23,1.3729,1.3695,1.3745,1.3655,NULL,0.26%
2024-05-22,1.3693,1.3655,1.3700,1.3624,NULL,0.30%
2024-05-21,1.3652,1.3625,1.3676,1.3613,NULL,0.22%
2024-05-20,1.3622,1.3612,1.3636,1.3595,NULL,0.10%
2024-05-17,1.3609,1.3618,1.3645,1.3600,NULL,-0.07%
2024-05-16,1.3618,1.3602,1.3643,1.3589,NULL,0.12%
2024-05-15,1.3601,1.3649,1.3662,1.3590,NULL,-0.34%
2024-05-14,1.3647,1.3667,1.3691,1.3632,NULL,-0.13%
2024-05-13,1.3665,1.3672,1.3691,1.3660,NULL,-0.04%
2024-05-10,1.3670,1.3677,1.3691,1.3634,NULL,-0.04%
2024-05-09,1.3675,1.3723,1.3739,1.3673,NULL,-0.33%
2024-05-08,1.3720,1.3727,1.3764,1.3716,NULL,-0.02%
2024-05-07,1.3723,1.3661,1.3743,1.3660,NULL,0.45%
2024-05-06,1.3662,1.3686,1.3699,1.3647,NULL,-0.16%
2024-05-03,1.3684,1.3672,1.3693,1.3609,NULL,0.10%
2024-05-02,1.3671,1.3739,1.3743,1.3668,NULL,-0.49%
2024-05-01,1.3738,1.3779,1.3785,1.3703,NULL,-0.28%
2024-04-30,1.3777,1.3662,1.3785,1.3657,NULL,0.86%
2024-04-29,1.3659,1.3671,1.3678,1.3631,NULL,-0.07%
2024-04-26,1.3669,1.3654,1.3697,1.3634,NULL,0.10%
2024-04-25,1.3655,1.3698,1.3732,1.3649,NULL,-0.33%
2024-04-24,1.3700,1.3664,1.3730,1.3654,NULL,0.29%
2024-04-23,1.3661,1.3701,1.3716,1.3655,NULL,-0.27%
2024-04-22,1.3698,1.3757,1.3757,1.3686,NULL,-0.40%
2024-04-19,1.3753,1.3768,1.3806,1.3723,NULL,-0.09%
2024-04-18,1.3765,1.3773,1.3783,1.3741,NULL,-0.04%
2024-04-17,1.3770,1.3829,1.3838,1.3758,NULL,-0.42%
2024-04-16,1.3828,1.3788,1.3848,1.3773,NULL,0.30%
2024-04-15,1.3786,1.3775,1.3795,1.3724,NULL,0.10%
2024-04-12,1.3772,1.3689,1.3789,1.3682,NULL,0.61%
2024-04-11,1.3689,1.3682,1.3727,1.3661,NULL,0.10%
2024-04-10,1.3675,1.3572,1.3704,1.3555,NULL,0.80%
2024-04-09,1.3567,1.3578,1.3600,1.3547,NULL,-0.03%
2024-04-08,1.3571,1.3590,1.3618,1.3569,NULL,-0.13%
2024-04-05,1.3588,1.3543,1.3649,1.3540,NULL,0.35%
2024-04-04,1.3541,1.3527,1.3561,1.3477,NULL,0.11%
2024-04-03,1.3526,1.3568,1.3590,1.3510,NULL,-0.28%
2024-04-02,1.3564,1.3571,1.3586,1.3555,NULL,-0.04%
2024-04-01,1.3569,1.3545,1.3588,1.3514,NULL,0.24%
2024-03-29,1.3537,1.3541,1.3563,1.3531,NULL,-0.01%
2024-03-28,1.3538,1.3568,1.3615,1.3524,NULL,-0.21%
2024-03-27,1.3567,1.3585,1.3609,1.3564,NULL,-0.11%
2024-03-26,1.3582,1.3586,1.3592,1.3552,NULL,-0.01%
2024-03-25,1.3584,1.3599,1.3615,1.3569,NULL,-0.16%
2024-03-22,1.3606,1.3532,1.3615,1.3518,NULL,0.57%
2024-03-21,1.3529,1.3493,1.3543,1.3455,NULL,0.29%
2024-03-20,1.3490,1.3567,1.3606,1.3481,NULL,-0.54%
2024-03-19,1.3563,1.3532,1.3615,1.3531,NULL,0.24%
2024-03-18,1.3531,1.3540,1.3553,1.3520,NULL,-0.07%
2024-03-15,1.3541,1.3533,1.3553,1.3509,NULL,0.07%
2024-03-14,1.3532,1.3470,1.3543,1.3459,NULL,0.47%
2024-03-13,1.3469,1.3493,1.3500,1.3458,NULL,-0.14%
2024-03-12,1.3488,1.3485,1.3527,1.3466,NULL,0.04%
2024-03-11,1.3482,1.3480,1.3511,1.3468,NULL,0.03%
2024-03-08,1.3478,1.3459,1.3499,1.3419,NULL,0.16%
2024-03-07,1.3457,1.3519,1.3527,1.3453,NULL,-0.41%
2024-03-06,1.3513,1.3592,1.3601,1.3498,NULL,-0.56%
2024-03-05,1.3589,1.3573,1.3607,1.3554,NULL,0.13%
2024-03-04,1.3571,1.3559,1.3585,1.3545,NULL,0.10%
2024-03-01,1.3557,1.3573,1.3603,1.3544,NULL,-0.13%
2024-02-29,1.3575,1.3580,1.3599,1.3540,NULL,-0.01%
2024-02-28,1.3576,1.3528,1.3607,1.3524,NULL,0.36%
2024-02-27,1.3527,1.3509,1.3541,1.3484,NULL,0.15%
2024-02-26,1.3507,1.3503,1.3530,1.3495,NULL,0.01%
2024-02-23,1.3505,1.3482,1.3519,1.3461,NULL,0.18%
2024-02-22,1.3481,1.3505,1.3510,1.3440,NULL,-0.18%
2024-02-21,1.3505,1.3524,1.3538,1.3493,NULL,-0.11%
2024-02-20,1.3520,1.3491,1.3531,1.3471,NULL,0.24%
2024-02-19,1.3488,1.3486,1.3498,1.3467,NULL,0.03%
2024-02-16,1.3484,1.3466,1.3509,1.3460,NULL,0.16%
2024-02-15,1.3463,1.3545,1.3553,1.3463,NULL,-0.58%
2024-02-14,1.3541,1.3564,1.3574,1.3530,NULL,-0.16%
2024-02-13,1.3563,1.3451,1.3588,1.3439,NULL,0.86%
2024-02-12,1.3448,1.3461,1.3477,1.3429,NULL,-0.07%
2024-02-09,1.3458,1.3463,1.3483,1.3413,NULL,0.02%
2024-02-08,1.3455,1.3463,1.3495,1.3447,NULL,-0.06%
2024-02-07,1.3463,1.3494,1.3496,1.3454,NULL,-0.21%
2024-02-06,1.3492,1.3540,1.3546,1.3476,NULL,-0.34%
2024-02-05,1.3538,1.3466,1.3545,1.3452,NULL,0.58%
2024-02-02,1.3460,1.3386,1.3477,1.3365,NULL,0.57%
2024-02-01,1.3384,1.3437,1.3465,1.3367,NULL,-0.37%
2024-01-31,1.3434,1.3401,1.3447,1.3357,NULL,0.28%
2024-01-30,1.3396,1.3419,1.3448,1.3394,NULL,-0.11%
2024-01-29,1.3411,1.3457,1.3466,1.3409,NULL,-0.29%
2024-01-26,1.3450,1.3475,1.3485,1.3413,NULL,-0.18%
2024-01-25,1.3474,1.3519,1.3536,1.3468,NULL,-0.35%
2024-01-24,1.3522,1.3462,1.3530,1.3429,NULL,0.46%
2024-01-23,1.3460,1.3480,1.3493,1.3452,NULL,-0.13%
2024-01-22,1.3478,1.3438,1.3484,1.3414,NULL,0.36%
2024-01-19,1.3429,1.3486,1.3504,1.3426,NULL,-0.42%
2024-01-18,1.3485,1.3507,1.3527,1.3479,NULL,-0.15%
2024-01-17,1.3505,1.3491,1.3543,1.3480,NULL,0.10%
2024-01-16,1.3492,1.3427,1.3503,1.3423,NULL,0.51%
2024-01-15,1.3424,1.3409,1.3449,1.3382,NULL,0.12%
2024-01-12,1.3408,1.3394,1.3413,1.3343,NULL,0.13%
2024-01-11,1.3391,1.3380,1.3444,1.3350,NULL,0.10%
2024-01-10,1.3378,1.3391,1.3397,1.3365,NULL,-0.08%
2024-01-09,1.3389,1.3346,1.3416,1.3340,NULL,0.33%
2024-01-08,1.3345,1.3347,1.3406,1.3344,NULL,-0.13%
2024-01-05,1.3362,1.3349,1.3400,1.3287,NULL,0.11%
2024-01-04,1.3347,1.3359,1.3367,1.3316,NULL,-0.04%
2024-01-03,1.3353,1.3324,1.3373,1.3317,NULL,0.23%
2024-01-02,1.3322,1.3239,1.3335,1.3228,NULL,0.65%
2024-01-01,1.3236,1.3247,1.3254,1.3234,NULL,-0.07%
2023-12-29,1.3245,1.3229,1.3266,1.3178,NULL,0.12%
2023-12-28,1.3229,1.3208,1.3237,1.3181,NULL,0.17%
2023-12-27,1.3207,1.3201,1.3221,1.3176,NULL,0.09%
2023-12-26,1.3195,1.3257,1.3264,1.3194,NULL,-0.42%
2023-12-25,1.3250,1.3267,1.3300,1.3250,NULL,-0.17%
2023-12-22,1.3272,1.3282,1.3294,1.3218,NULL,-0.06%
2023-12-21,1.3280,1.3370,1.3373,1.3275,NULL,-0.64%
2023-12-20,1.3366,1.3333,1.3372,1.3310,NULL,0.26%
2023-12-19,1.3331,1.3398,1.3402,1.3331,NULL,-0.48%
2023-12-18,1.3395,1.3365,1.3411,1.3349,NULL,0.10%
2023-12-15,1.3381,1.3409,1.3416,1.3349,NULL,-0.19%
2023-12-14,1.3406,1.3515,1.3522,1.3393,NULL,-0.82%
2023-12-13,1.3517,1.3590,1.3610,1.3494,NULL,-0.52%
2023-12-12,1.3588,1.3575,1.3620,1.3545,NULL,0.10%
2023-12-11,1.3574,1.3585,1.3606,1.3549,NULL,-0.10%
2023-12-08,1.3587,1.3598,1.3611,1.3550,NULL,-0.05%
2023-12-07,1.3594,1.3594,1.3621,1.3583,NULL,0.02%
2023-12-06,1.3591,1.3588,1.3598,1.3548,NULL,0.01%
2023-12-05,1.3590,1.3536,1.3596,1.3533,NULL,0.39%
2023-12-04,1.3537,1.3506,1.3563,1.3479,NULL,0.30%
2023-12-01,1.3497,1.3562,1.3571,1.3486,NULL,-0.48%
2023-11-30,1.3562,1.3586,1.3628,1.3551,NULL,-0.20%
2023-11-29,1.3589,1.3571,1.3616,1.3541,NULL,0.11%
2023-11-28,1.3574,1.3620,1.3623,1.3559,NULL,-0.30%
2023-11-27,1.3615,1.3636,1.3663,1.3613,NULL,-0.15%
2023-11-24,1.3635,1.3694,1.3713,1.3593,NULL,-0.42%
2023-11-23,1.3692,1.3687,1.3712,1.3650,NULL,0.03%
2023-11-22,1.3688,1.3701,1.3767,1.3685,NULL,-0.09%
2023-11-21,1.3700,1.3725,1.3733,1.3680,NULL,-0.17%
2023-11-20,1.3724,1.3714,1.3750,1.3689,NULL,0.04%
2023-11-17,1.3718,1.3755,1.3772,1.3708,NULL,-0.27%
2023-11-16,1.3755,1.3684,1.3778,1.3677,NULL,0.56%
2023-11-15,1.3678,1.3693,1.3712,1.3653,NULL,-0.10%
2023-11-14,1.3692,1.3801,1.3845,1.3684,NULL,-0.78%
2023-11-13,1.3799,1.3801,1.3833,1.3776,NULL,0.00%
2023-11-10,1.3799,1.3811,1.3856,1.3790,NULL,-0.05%
2023-11-09,1.3806,1.3795,1.3817,1.3746,NULL,0.11%
2023-11-08,1.3791,1.3768,1.3816,1.3754,NULL,0.18%
2023-11-07,1.3766,1.3700,1.3784,1.3689,NULL,0.50%
2023-11-06,1.3697,1.3670,1.3704,1.3628,NULL,0.28%
2023-11-03,1.3659,1.3739,1.3762,1.3653,NULL,-0.57%
2023-11-02,1.3737,1.3859,1.3860,1.3735,NULL,-0.86%
2023-11-01,1.3856,1.3874,1.3901,1.3841,NULL,-0.13%
2023-10-31,1.3874,1.3826,1.3894,1.3813,NULL,0.35%
2023-10-30,1.3825,1.3867,1.3878,1.3813,NULL,-0.32%
2023-10-27,1.3869,1.3831,1.3882,1.3796,NULL,0.27%
2023-10-26,1.3831,1.3796,1.3845,1.3789,NULL,0.26%
2023-10-25,1.3795,1.3736,1.3811,1.3729,NULL,0.42%
2023-10-24,1.3737,1.3688,1.3756,1.3660,NULL,0.35%
2023-10-23,1.3689,1.3711,1.3738,1.3667,NULL,-0.20%
2023-10-20,1.3716,1.3719,1.3735,1.3670,NULL,-0.01%
2023-10-19,1.3718,1.3713,1.3742,1.3679,NULL,0.02%
2023-10-18,1.3715,1.3649,1.3718,1.3617,NULL,0.48%
2023-10-17,1.3649,1.3610,1.3704,1.3606,NULL,0.29%
2023-10-16,1.3609,1.3670,1.3670,1.3606,NULL,-0.35%
2023-10-13,1.3657,1.3690,1.3696,1.3636,NULL,-0.23%
2023-10-12,1.3689,1.3594,1.3702,1.3578,NULL,0.71%
2023-10-11,1.3592,1.3584,1.3625,1.3571,NULL,0.07%
2023-10-10,1.3583,1.3590,1.3619,1.3569,NULL,-0.05%
2023-10-09,1.3590,1.3678,1.3681,1.3581,NULL,-0.52%
2023-10-06,1.3661,1.3709,1.3746,1.3644,NULL,-0.31%
2023-10-05,1.3704,1.3745,1.3787,1.3703,NULL,-0.29%
2023-10-04,1.3744,1.3708,1.3781,1.3689,NULL,0.26%
2023-10-03,1.3708,1.3676,1.3737,1.3664,NULL,0.23%
2023-10-02,1.3676,1.3573,1.3681,1.3556,NULL,0.73%
2023-09-29,1.3577,1.3489,1.3586,1.3417,NULL,0.67%
2023-09-28,1.3486,1.3498,1.3518,1.3470,NULL,-0.07%
2023-09-27,1.3496,1.3517,1.3544,1.3495,NULL,-0.14%
2023-09-26,1.3515,1.3454,1.3529,1.3448,NULL,0.45%
2023-09-25,1.3454,1.3474,1.3493,1.3453,NULL,-0.22%
2023-09-22,1.3483,1.3480,1.3493,1.3423,NULL,0.00%
2023-09-21,1.3483,1.3462,1.3525,1.3451,NULL,0.17%
2023-09-20,1.3460,1.3447,1.3479,1.3394,NULL,0.09%
2023-09-19,1.3448,1.3486,1.3491,1.3381,NULL,-0.27%
2023-09-18,1.3485,1.3523,1.3529,1.3470,NULL,-0.28%
2023-09-15,1.3523,1.3509,1.3550,1.3493,NULL,0.11%
2023-09-14,1.3508,1.3555,1.3556,1.3493,NULL,-0.28%
2023-09-13,1.3546,1.3553,1.3588,1.3521,NULL,-0.05%
2023-09-12,1.3553,1.3571,1.3594,1.3543,NULL,-0.13%
2023-09-11,1.3570,1.3632,1.3640,1.3560,NULL,-0.51%
2023-09-08,1.3640,1.3683,1.3691,1.3607,NULL,-0.30%
2023-09-07,1.3681,1.3637,1.3696,1.3632,NULL,0.34%
2023-09-06,1.3635,1.3642,1.3678,1.3622,NULL,-0.04%
2023-09-05,1.3640,1.3590,1.3670,1.3587,NULL,0.37%
2023-09-04,1.3590,1.3599,1.3606,1.3575,NULL,-0.03%
2023-09-01,1.3594,1.3508,1.3614,1.3489,NULL,0.64%
2023-08-31,1.3507,1.3533,1.3559,1.3504,NULL,-0.18%
2023-08-30,1.3531,1.3553,1.3578,1.3512,NULL,-0.16%
2023-08-29,1.3553,1.3600,1.3639,1.3550,NULL,-0.32%
2023-08-28,1.3597,1.3602,1.3613,1.3569,NULL,-0.04%
2023-08-25,1.3602,1.3583,1.3641,1.3569,NULL,0.17%
2023-08-24,1.3579,1.3526,1.3590,1.3510,NULL,0.40%
2023-08-23,1.3525,1.3550,1.3605,1.3520,NULL,-0.18%
2023-08-22,1.3550,1.3545,1.3566,1.3512,NULL,0.05%
2023-08-21,1.3543,1.3548,1.3574,1.3495,NULL,-0.07%
2023-08-18,1.3552,1.3546,1.3576,1.3524,NULL,0.05%
2023-08-17,1.3545,1.3538,1.3554,1.3495,NULL,0.07%
2023-08-16,1.3535,1.3499,1.3546,1.3474,NULL,0.28%
2023-08-15,1.3497,1.3462,1.3503,1.3439,NULL,0.28%
2023-08-14,1.3459,1.3436,1.3482,1.3433,NULL,0.16%
2023-08-11,1.3438,1.3443,1.3467,1.3411,NULL,-0.05%
2023-08-10,1.3445,1.3420,1.3451,1.3372,NULL,0.20%
2023-08-09,1.3418,1.3424,1.3455,1.3404,NULL,-0.01%
2023-08-08,1.3420,1.3369,1.3503,1.3364,NULL,0.40%
2023-08-07,1.3367,1.3373,1.3401,1.3355,NULL,-0.04%
2023-08-04,1.3373,1.3354,1.3395,1.3319,NULL,0.17%
2023-08-03,1.3350,1.3350,1.3379,1.3329,NULL,0.01%
2023-08-02,1.3348,1.3279,1.3354,1.3265,NULL,0.52%
2023-08-01,1.3279,1.3190,1.3302,1.3183,NULL,0.70%
2023-07-31,1.3187,1.3232,1.3263,1.3150,NULL,-0.50%
2023-07-28,1.3253,1.3224,1.3255,1.3201,NULL,0.21%
2023-07-27,1.3225,1.3207,1.3245,1.3158,NULL,0.14%
2023-07-26,1.3207,1.3168,1.3239,1.3167,NULL,0.31%
2023-07-25,1.3166,1.3165,1.3211,1.3146,NULL,0.00%
2023-07-24,1.3166,1.3220,1.3230,1.3150,NULL,-0.42%
2023-07-21,1.3222,1.3175,1.3228,1.3152,NULL,0.38%
2023-07-20,1.3172,1.3166,1.3196,1.3119,NULL,0.06%
2023-07-19,1.3164,1.3168,1.3195,1.3155,NULL,-0.02%
2023-07-18,1.3167,1.3197,1.3244,1.3167,NULL,-0.22%
2023-07-17,1.3196,1.3215,1.3233,1.3160,NULL,-0.15%
2023-07-14,1.3216,1.3116,1.3228,1.3091,NULL,0.82%
2023-07-13,1.3109,1.3183,1.3196,1.3103,NULL,-0.58%
2023-07-12,1.3185,1.3231,1.3236,1.3143,NULL,-0.34%
2023-07-11,1.3230,1.3279,1.3291,1.3230,NULL,-0.37%
2023-07-10,1.3279,1.3272,1.3306,1.3268,NULL,0.06%
2023-07-07,1.3271,1.3368,1.3388,1.3266,NULL,-0.72%
2023-07-06,1.3367,1.3280,1.3373,1.3274,NULL,0.67%
2023-07-05,1.3278,1.3225,1.3294,1.3219,NULL,0.42%
2023-07-04,1.3222,1.3250,1.3258,1.3203,NULL,-0.19%
2023-07-03,1.3247,1.3243,1.3275,1.3230,NULL,0.08%
2023-06-30,1.3236,1.3251,1.3285,1.3207,NULL,-0.10%
2023-06-29,1.3249,1.3257,1.3287,1.3239,NULL,-0.05%
2023-06-28,1.3256,1.3192,1.3278,1.3189,NULL,0.50%
2023-06-27,1.3190,1.3153,1.3194,1.3116,NULL,0.28%
2023-06-26,1.3153,1.3184,1.3186,1.3136,NULL,-0.21%
2023-06-23,1.3181,1.3152,1.3227,1.3143,NULL,0.25%
2023-06-22,1.3148,1.3161,1.3181,1.3138,NULL,-0.11%
2023-06-21,1.3162,1.3235,1.3247,1.3157,NULL,-0.54%
2023-06-20,1.3233,1.3214,1.3271,1.3205,NULL,0.19%
2023-06-19,1.3208,1.3204,1.3230,1.3179,NULL,0.08%
2023-06-16,1.3198,1.3220,1.3241,1.3177,NULL,-0.18%
2023-06-15,1.3222,1.3322,1.3356,1.3209,NULL,-0.75%
2023-06-14,1.3322,1.3316,1.3354,1.3271,NULL,0.06%
2023-06-13,1.3314,1.3370,1.3380,1.3285,NULL,-0.40%
2023-06-12,1.3368,1.3341,1.3385,1.3314,NULL,0.20%
2023-06-09,1.3341,1.3356,1.3373,1.3312,NULL,-0.07%
2023-06-08,1.3351,1.3371,1.3389,1.3333,NULL,-0.14%
2023-06-07,1.3370,1.3405,1.3428,1.3321,NULL,-0.25%
2023-06-06,1.3403,1.3448,1.3453,1.3390,NULL,-0.31%
2023-06-05,1.3445,1.3432,1.3463,1.3417,NULL,0.16%
2023-06-02,1.3423,1.3453,1.3454,1.3407,NULL,-0.20%
2023-06-01,1.3450,1.3572,1.3587,1.3436,NULL,-0.90%
2023-05-31,1.3572,1.3601,1.3653,1.3569,NULL,-0.18%
2023-05-30,1.3597,1.3592,1.3615,1.3567,NULL,0.07%
2023-05-29,1.3587,1.3603,1.3620,1.3583,NULL,-0.19%
2023-05-26,1.3613,1.3641,1.3655,1.3600,NULL,-0.18%
2023-05-25,1.3637,1.3595,1.3646,1.3586,NULL,0.33%
2023-05-24,1.3592,1.3508,1.3607,1.3495,NULL,0.63%
2023-05-23,1.3507,1.3506,1.3550,1.3484,NULL,0.02%
2023-05-22,1.3504,1.3499,1.3520,1.3485,NULL,0.04%
2023-05-19,1.3498,1.3503,1.3525,1.3468,NULL,-0.01%
2023-05-18,1.3500,1.3449,1.3526,1.3448,NULL,0.36%
2023-05-17,1.3451,1.3482,1.3537,1.3437,NULL,-0.23%
2023-05-16,1.3482,1.3464,1.3495,1.3404,NULL,0.13%
2023-05-15,1.3465,1.3564,1.3569,1.3459,NULL,-0.61%
2023-05-12,1.3548,1.3493,1.3566,1.3480,NULL,0.42%
2023-05-11,1.3491,1.3370,1.3497,1.3363,NULL,0.91%
2023-05-10,1.3370,1.3387,1.3415,1.3335,NULL,-0.13%
2023-05-09,1.3387,1.3372,1.3407,1.3365,NULL,0.11%
2023-05-08,1.3372,1.3385,1.3389,1.3314,NULL,-0.01%
2023-05-05,1.3373,1.3538,1.3545,1.3371,NULL,-1.21%
2023-05-04,1.3537,1.3618,1.3634,1.3519,NULL,-0.57%
2023-05-03,1.3615,1.3625,1.3641,1.3582,NULL,-0.07%
2023-05-02,1.3625,1.3546,1.3639,1.3527,NULL,0.61%
2023-05-01,1.3542,1.3545,1.3585,1.3529,NULL,-0.06%
2023-04-28,1.3550,1.3592,1.3669,1.3535,NULL,-0.30%
2023-04-27,1.3591,1.3636,1.3647,1.3588,NULL,-0.32%
2023-04-26,1.3635,1.3628,1.3653,1.3599,NULL,0.07%
2023-04-25,1.3625,1.3540,1.3649,1.3524,NULL,0.64%
2023-04-24,1.3539,1.3543,1.3569,1.3522,NULL,0.00%
2023-04-21,1.3539,1.3474,1.3565,1.3472,NULL,0.48%
2023-04-20,1.3474,1.3460,1.3491,1.3447,NULL,0.10%
2023-04-19,1.3460,1.3389,1.3468,1.3385,NULL,0.55%
2023-04-18,1.3387,1.3394,1.3401,1.3359,NULL,-0.04%
2023-04-17,1.3392,1.3362,1.3421,1.3342,NULL,0.23%
2023-04-14,1.3361,1.3338,1.3397,1.3302,NULL,0.20%
2023-04-13,1.3334,1.3442,1.3449,1.3333,NULL,-0.77%
2023-04-12,1.3438,1.3468,1.3491,1.3428,NULL,-0.21%
2023-04-11,1.3466,1.3510,1.3518,1.3462,NULL,-0.30%
2023-04-10,1.3506,1.3523,1.3554,1.3485,NULL,-0.01%
2023-04-07,1.3507,1.3492,1.3531,1.3483,NULL,0.11%
2023-04-06,1.3492,1.3458,1.3507,1.3447,NULL,0.25%
2023-04-05,1.3458,1.3442,1.3485,1.3426,NULL,0.14%
2023-04-04,1.3439,1.3438,1.3469,1.3407,NULL,0.03%
2023-04-03,1.3435,1.3518,1.3538,1.3411,NULL,-0.59%
2023-03-31,1.3515,1.3523,1.3566,1.3507,NULL,-0.04%
2023-03-30,1.3520,1.3558,1.3583,1.3516,NULL,-0.26%
2023-03-29,1.3555,1.3603,1.3618,1.3556,NULL,-0.32%
2023-03-28,1.3598,1.3663,1.3697,1.3591,NULL,-0.45%
2023-03-27,1.3660,1.3741,1.3747,1.3649,NULL,-0.61%
2023-03-24,1.3744,1.3717,1.3806,1.3707,NULL,0.23%
2023-03-23,1.3713,1.3728,1.3736,1.3630,NULL,-0.10%
2023-03-22,1.3727,1.3716,1.3746,1.3657,NULL,0.10%
2023-03-21,1.3713,1.3666,1.3739,1.3644,NULL,0.36%
2023-03-20,1.3664,1.3725,1.3748,1.3651,NULL,-0.46%
2023-03-17,1.3727,1.3722,1.3775,1.3677,NULL,0.07%
2023-03-16,1.3718,1.3762,1.3789,1.3714,NULL,-0.36%
2023-03-15,1.3767,1.3685,1.3815,1.3660,NULL,0.61%
2023-03-14,1.3684,1.3726,1.3752,1.3651,NULL,-0.29%
2023-03-13,1.3724,1.3819,1.3827,1.3676,NULL,-0.74%
2023-03-10,1.3827,1.3824,1.3863,1.3761,NULL,0.00%
2023-03-09,1.3827,1.3801,1.3838,1.3752,NULL,0.17%
2023-03-08,1.3804,1.3754,1.3817,1.3744,NULL,0.39%
2023-03-07,1.3751,1.3616,1.3762,1.3600,NULL,1.02%
2023-03-06,1.3612,1.3596,1.3630,1.3582,NULL,0.14%
2023-03-03,1.3593,1.3596,1.3646,1.3554,NULL,-0.01%
2023-03-02,1.3594,1.3596,1.3643,1.3582,NULL,0.00%
2023-03-01,1.3594,1.3642,1.3661,1.3584,NULL,-0.37%
2023-02-28,1.3645,1.3577,1.3649,1.3560,NULL,0.52%
2023-02-27,1.3575,1.3613,1.3626,1.3534,NULL,-0.25%
2023-02-24,1.3609,1.3545,1.3667,1.3527,NULL,0.46%
2023-02-23,1.3547,1.3550,1.3583,1.3516,NULL,-0.01%
2023-02-22,1.3549,1.3543,1.3569,1.3514,NULL,0.09%
2023-02-21,1.3537,1.3454,1.3550,1.3441,NULL,0.64%
2023-02-20,1.3451,1.3476,1.3495,1.3441,NULL,-0.14%
2023-02-17,1.3470,1.3454,1.3539,1.3447,NULL,0.10%
2023-02-16,1.3456,1.3391,1.3480,1.3357,NULL,0.48%
2023-02-15,1.3392,1.3338,1.3441,1.3333,NULL,0.43%
2023-02-14,1.3334,1.3333,1.3392,1.3274,NULL,0.03%
2023-02-13,1.3330,1.3346,1.3381,1.3325,NULL,-0.10%
2023-02-10,1.3344,1.3452,1.3474,1.3338,NULL,-0.80%
2023-02-09,1.3451,1.3444,1.3465,1.3372,NULL,0.05%
2023-02-08,1.3444,1.3400,1.3452,1.3360,NULL,0.34%
2023-02-07,1.3398,1.3446,1.3470,1.3380,NULL,-0.36%
2023-02-06,1.3446,1.3390,1.3477,1.3390,NULL,0.37%
2023-02-03,1.3396,1.3318,1.3427,1.3311,NULL,0.61%
2023-02-02,1.3315,1.3287,1.3348,1.3262,NULL,0.21%
2023-02-01,1.3287,1.3305,1.3381,1.3265,NULL,-0.14%
2023-01-31,1.3305,1.3388,1.3472,1.3298,NULL,-0.59%
2023-01-30,1.3384,1.3312,1.3390,1.3299,NULL,0.56%
2023-01-27,1.3309,1.3322,1.3348,1.3300,NULL,-0.08%
2023-01-26,1.3320,1.3392,1.3409,1.3303,NULL,-0.54%
2023-01-25,1.3392,1.3372,1.3430,1.3340,NULL,0.16%
2023-01-24,1.3370,1.3371,1.3415,1.3346,NULL,0.03%
2023-01-23,1.3366,1.3386,1.3419,1.3341,NULL,-0.10%
2023-01-20,1.3380,1.3462,1.3499,1.3373,NULL,-0.59%
2023-01-19,1.3460,1.3491,1.3522,1.3446,NULL,-0.23%
2023-01-18,1.3491,1.3387,1.3502,1.3350,NULL,0.77%
2023-01-17,1.3388,1.3406,1.3439,1.3368,NULL,-0.14%
2023-01-16,1.3407,1.3399,1.3419,1.3352,NULL,0.08%
2023-01-13,1.3396,1.3365,1.3441,1.3322,NULL,0.25%
2023-01-12,1.3362,1.3426,1.3458,1.3345,NULL,-0.45%
2023-01-11,1.3422,1.3426,1.3447,1.3404,NULL,-0.01%
2023-01-10,1.3423,1.3386,1.3447,1.3375,NULL,0.27%
2023-01-09,1.3387,1.3444,1.3451,1.3357,NULL,-0.41%
2023-01-06,1.3442,1.3575,1.3666,1.3432,NULL,-0.94%
2023-01-05,1.3569,1.3478,1.3596,1.3469,NULL,0.69%
2023-01-04,1.3476,1.3671,1.3682,1.3474,NULL,-1.41%
2023-01-03,1.3669,1.3573,1.3686,1.3523,NULL,0.71%
2023-01-02,1.3572,1.3551,1.3586,1.3524,NULL,0.17%
2022-12-30,1.3549,1.3548,1.3583,1.3514,NULL,0.02%
2022-12-29,1.3546,1.3611,1.3611,1.3537,NULL,-0.46%
2022-12-28,1.3608,1.3528,1.3612,1.3485,NULL,0.64%
2022-12-27,1.3522,1.3584,1.3585,1.3484,NULL,-0.45%
2022-12-26,1.3583,1.3611,1.3617,1.3575,NULL,-0.11%
2022-12-23,1.3598,1.3647,1.3664,1.3562,NULL,-0.35%
2022-12-22,1.3646,1.3610,1.3686,1.3570,NULL,0.27%
2022-12-21,1.3609,1.3610,1.3639,1.3588,NULL,0.00%
2022-12-20,1.3609,1.3651,1.3706,1.3580,NULL,-0.24%
2022-12-19,1.3642,1.3679,1.3696,1.3623,NULL,-0.42%
2022-12-16,1.3700,1.3656,1.3707,1.3617,NULL,0.31%
2022-12-15,1.3658,1.3550,1.3675,1.3539,NULL,0.81%
2022-12-14,1.3548,1.3552,1.3613,1.3519,NULL,-0.01%
2022-12-13,1.3549,1.3639,1.3646,1.3521,NULL,-0.63%
2022-12-12,1.3635,1.3636,1.3685,1.3618,NULL,-0.11%
2022-12-09,1.3650,1.3596,1.3691,1.3569,NULL,0.40%
2022-12-08,1.3595,1.3652,1.3690,1.3561,NULL,-0.41%
2022-12-07,1.3651,1.3654,1.3701,1.3589,NULL,0.00%
2022-12-06,1.3651,1.3590,1.3677,1.3570,NULL,0.46%
2022-12-05,1.3588,1.3465,1.3607,1.3385,NULL,0.89%
2022-12-02,1.3468,1.3438,1.3522,1.3420,NULL,0.27%
2022-12-01,1.3432,1.3411,1.3472,1.3394,NULL,0.17%
2022-11-30,1.3409,1.3579,1.3594,1.3409,NULL,-1.24%
2022-11-29,1.3578,1.3499,1.3647,1.3409,NULL,0.60%
2022-11-28,1.3497,1.3398,1.3506,1.3390,NULL,0.90%
2022-11-25,1.3377,1.3337,1.3400,1.3316,NULL,0.30%
2022-11-24,1.3337,1.3352,1.3364,1.3316,NULL,-0.10%
2022-11-23,1.3351,1.3378,1.3441,1.3345,NULL,-0.18%
2022-11-22,1.3375,1.3450,1.3459,1.3365,NULL,-0.54%
2022-11-21,1.3447,1.3386,1.3497,1.3373,NULL,0.47%
2022-11-18,1.3384,1.3326,1.3411,1.3300,NULL,0.44%
2022-11-17,1.3326,1.3328,1.3403,1.3305,NULL,-0.01%
2022-11-16,1.3327,1.3279,1.3348,1.3228,NULL,0.38%
2022-11-15,1.3277,1.3314,1.3337,1.3226,NULL,-0.26%
2022-11-14,1.3311,1.3257,1.3319,1.3239,NULL,0.43%
2022-11-11,1.3254,1.3320,1.3362,1.3235,NULL,-0.48%
2022-11-10,1.3318,1.3529,1.3573,1.3308,NULL,-1.54%
2022-11-09,1.3526,1.3426,1.3543,1.3411,NULL,0.74%
2022-11-08,1.3426,1.3499,1.3528,1.3386,NULL,-0.52%
2022-11-07,1.3496,1.3544,1.3554,1.3465,NULL,0.13%
2022-11-04,1.3478,1.3746,1.3752,1.3469,NULL,-1.94%
2022-11-03,1.3745,1.3712,1.3809,1.3682,NULL,0.26%
2022-11-02,1.3710,1.3632,1.3715,1.3548,NULL,0.59%
2022-11-01,1.3629,1.3625,1.3668,1.3529,NULL,0.05%
2022-10-31,1.3622,1.3615,1.3687,1.3600,NULL,0.16%
2022-10-28,1.3600,1.3565,1.3636,1.3524,NULL,0.27%
2022-10-27,1.3563,1.3553,1.3628,1.3495,NULL,0.09%
2022-10-26,1.3551,1.3608,1.3652,1.3508,NULL,-0.40%
2022-10-25,1.3606,1.3705,1.3749,1.3601,NULL,-0.72%
2022-10-24,1.3704,1.3649,1.3775,1.3606,NULL,0.48%
2022-10-21,1.3638,1.3767,1.3856,1.3628,NULL,-0.91%
2022-10-20,1.3763,1.3768,1.3808,1.3651,NULL,-0.01%
2022-10-19,1.3764,1.3741,1.3811,1.3718,NULL,0.19%
2022-10-18,1.3738,1.3714,1.3811,1.3657,NULL,0.21%
2022-10-17,1.3709,1.3877,1.3882,1.3699,NULL,-1.23%
2022-10-14,1.3880,1.3752,1.3899,1.3704,NULL,0.95%
2022-10-13,1.3750,1.3814,1.3979,1.3707,NULL,-0.46%
2022-10-12,1.3814,1.3798,1.3832,1.3760,NULL,0.13%
2022-10-11,1.3796,1.3777,1.3857,1.3714,NULL,0.15%
2022-10-10,1.3775,1.3735,1.3783,1.3703,NULL,0.28%
2022-10-07,1.3737,1.3748,1.3762,1.3674,NULL,-0.07%
2022-10-06,1.3747,1.3617,1.3756,1.3564,NULL,0.98%
2022-10-05,1.3614,1.3513,1.3697,1.3503,NULL,0.76%
2022-10-04,1.3511,1.3624,1.3666,1.3503,NULL,-0.81%
2022-10-03,1.3622,1.3817,1.3828,1.3620,NULL,-1.48%
2022-09-30,1.3826,1.3679,1.3840,1.3657,NULL,1.09%
2022-09-29,1.3677,1.3607,1.3757,1.3605,NULL,0.53%
2022-09-28,1.3605,1.3726,1.3834,1.3602,NULL,-0.85%
2022-09-27,1.3721,1.3739,1.3777,1.3639,NULL,-0.08%
2022-09-26,1.3732,1.3591,1.3810,1.3559,NULL,1.05%
2022-09-23,1.3589,1.3487,1.3613,1.3467,NULL,0.76%
2022-09-22,1.3487,1.3460,1.3546,1.3409,NULL,0.17%
2022-09-21,1.3464,1.3363,1.3469,1.3357,NULL,0.76%
2022-09-20,1.3362,1.3251,1.3376,1.3226,NULL,0.86%
2022-09-19,1.3248,1.3268,1.3345,1.3244,NULL,-0.09%
2022-09-16,1.3260,1.3228,1.3309,1.3226,NULL,0.25%
2022-09-15,1.3227,1.3167,1.3242,1.3153,NULL,0.49%
2022-09-14,1.3163,1.3169,1.3207,1.3139,NULL,-0.03%
2022-09-13,1.3167,1.2993,1.3177,1.2953,NULL,1.35%
2022-09-12,1.2991,1.3024,1.3058,1.2962,NULL,-0.27%
2022-09-09,1.3026,1.3093,1.3100,1.2981,NULL,-0.50%
2022-09-08,1.3091,1.3127,1.3161,1.3076,NULL,-0.26%
2022-09-07,1.3125,1.3155,1.3210,1.3110,NULL,-0.21%
2022-09-06,1.3152,1.3142,1.3171,1.3096,NULL,0.08%
2022-09-05,1.3141,1.3129,1.3175,1.3123,NULL,0.07%
2022-09-02,1.3132,1.3156,1.3171,1.3074,NULL,-0.15%
2022-09-01,1.3152,1.3134,1.3209,1.3125,NULL,0.19%
2022-08-31,1.3127,1.3093,1.3142,1.3063,NULL,0.27%
2022-08-30,1.3092,1.3013,1.3110,1.2971,NULL,0.62%
2022-08-29,1.3011,1.3030,1.3077,1.2990,NULL,-0.17%
2022-08-26,1.3033,1.2924,1.3045,1.2903,NULL,0.84%
2022-08-25,1.2924,1.2967,1.2977,1.2895,NULL,-0.32%
2022-08-24,1.2965,1.2953,1.3020,1.2953,NULL,0.10%
2022-08-23,1.2952,1.3057,1.3064,1.2933,NULL,-0.80%
2022-08-22,1.3057,1.2998,1.3063,1.2971,NULL,0.49%
2022-08-19,1.2993,1.2950,1.3011,1.2943,NULL,0.36%
2022-08-18,1.2947,1.2912,1.2968,1.2880,NULL,0.29%
2022-08-17,1.2909,1.2846,1.2938,1.2826,NULL,0.51%
2022-08-16,1.2844,1.2906,1.2930,1.2830,NULL,-0.46%
2022-08-15,1.2904,1.2769,1.2936,1.2769,NULL,1.03%
2022-08-12,1.2773,1.2769,1.2804,1.2738,NULL,0.09%
2022-08-11,1.2761,1.2773,1.2793,1.2727,NULL,-0.09%
2022-08-10,1.2773,1.2889,1.2897,1.2750,NULL,-0.89%
2022-08-09,1.2888,1.2859,1.2902,1.2843,NULL,0.26%
2022-08-08,1.2854,1.2932,1.2952,1.2838,NULL,-0.59%
2022-08-05,1.2930,1.2864,1.2986,1.2861,NULL,0.51%
2022-08-04,1.2864,1.2845,1.2878,1.2817,NULL,0.20%
2022-08-03,1.2838,1.2883,1.2893,1.2832,NULL,-0.33%
2022-08-02,1.2880,1.2845,1.2889,1.2833,NULL,0.27%
2022-08-01,1.2845,1.2815,1.2858,1.2766,NULL,0.41%
2022-07-29,1.2793,1.2807,1.2856,1.2788,NULL,-0.09%
2022-07-28,1.2804,1.2825,1.2871,1.2794,NULL,-0.13%
2022-07-27,1.2821,1.2887,1.2913,1.2808,NULL,-0.49%
2022-07-26,1.2884,1.2849,1.2903,1.2815,NULL,0.28%
2022-07-25,1.2848,1.2916,1.2948,1.2834,NULL,-0.51%
2022-07-22,1.2914,1.2870,1.2929,1.2822,NULL,0.37%
2022-07-21,1.2867,1.2883,1.2939,1.2859,NULL,-0.13%
2022-07-20,1.2884,1.2871,1.2908,1.2854,NULL,0.12%
2022-07-19,1.2869,1.2981,1.2991,1.2867,NULL,-0.84%
2022-07-18,1.2978,1.3024,1.3030,1.2898,NULL,-0.40%
2022-07-15,1.3030,1.3120,1.3137,1.3013,NULL,-0.66%
2022-07-14,1.3117,1.2974,1.3225,1.2967,NULL,1.13%
2022-07-13,1.2971,1.3023,1.3062,1.2936,NULL,-0.38%
2022-07-12,1.3021,1.3009,1.3051,1.2983,NULL,0.12%
2022-07-11,1.3005,1.2950,1.3053,1.2941,NULL,0.44%
2022-07-08,1.2948,1.2965,1.3036,1.2936,NULL,-0.12%
2022-07-07,1.2964,1.3038,1.3057,1.2962,NULL,-0.55%
2022-07-06,1.3036,1.3039,1.3080,1.3011,NULL,0.00%
2022-07-05,1.3036,1.2861,1.3085,1.2843,NULL,1.38%
2022-07-04,1.2859,1.2889,1.2904,1.2837,NULL,-0.19%
2022-07-01,1.2883,1.2873,1.2968,1.2866,NULL,0.09%
2022-06-30,1.2872,1.2894,1.2935,1.2861,NULL,-0.15%
2022-06-29,1.2891,1.2875,1.2902,1.2843,NULL,0.16%
2022-06-28,1.2871,1.2881,1.2896,1.2818,NULL,-0.05%
2022-06-27,1.2878,1.2895,1.2918,1.2863,NULL,-0.12%
2022-06-24,1.2893,1.2996,1.3007,1.2889,NULL,-0.78%
2022-06-23,1.2994,1.2948,1.3019,1.2936,NULL,0.38%
2022-06-22,1.2945,1.2920,1.2998,1.2912,NULL,0.20%
2022-06-21,1.2919,1.2981,1.2988,1.2906,NULL,-0.46%
2022-06-20,1.2979,1.3031,1.3040,1.2977,NULL,-0.36%
2022-06-17,1.3026,1.2952,1.3080,1.2938,NULL,0.59%
2022-06-16,1.2949,1.2890,1.2971,1.2860,NULL,0.46%
2022-06-15,1.2890,1.2954,1.2997,1.2862,NULL,-0.49%
2022-06-14,1.2954,1.2898,1.2976,1.2866,NULL,0.44%
2022-06-13,1.2897,1.2783,1.2902,1.2773,NULL,0.91%
2022-06-10,1.2781,1.2699,1.2814,1.2680,NULL,0.67%
2022-06-09,1.2696,1.2565,1.2706,1.2548,NULL,1.11%
2022-06-08,1.2557,1.2533,1.2567,1.2517,NULL,0.23%
2022-06-07,1.2528,1.2580,1.2620,1.2522,NULL,-0.37%
2022-06-06,1.2575,1.2591,1.2603,1.2534,NULL,-0.14%
2022-06-03,1.2593,1.2570,1.2597,1.2550,NULL,0.19%
2022-06-02,1.2569,1.2657,1.2688,1.2563,NULL,-0.69%
2022-06-01,1.2656,1.2645,1.2678,1.2608,NULL,0.09%
2022-05-31,1.2644,1.2656,1.2688,1.2628,NULL,-0.09%
2022-05-30,1.2655,1.2732,1.2736,1.2649,NULL,-0.53%
2022-05-27,1.2723,1.2774,1.2784,1.2717,NULL,-0.38%
2022-05-26,1.2772,1.2815,1.2850,1.2767,NULL,-0.34%
2022-05-25,1.2815,1.2818,1.2886,1.2801,NULL,-0.02%
2022-05-24,1.2817,1.2766,1.2874,1.2765,NULL,0.42%
2022-05-23,1.2764,1.2844,1.2849,1.2766,NULL,-0.56%
2022-05-20,1.2836,1.2827,1.2870,1.2776,NULL,0.09%
2022-05-19,1.2825,1.2890,1.2895,1.2782,NULL,-0.49%
2022-05-18,1.2888,1.2812,1.2897,1.2794,NULL,0.62%
2022-05-17,1.2809,1.2844,1.2860,1.2805,NULL,-0.26%
2022-05-16,1.2843,1.2925,1.2983,1.2835,NULL,-0.50%
2022-05-13,1.2908,1.3045,1.3051,1.2896,NULL,-1.04%
2022-05-12,1.3044,1.2992,1.3078,1.2977,NULL,0.39%
2022-05-11,1.2993,1.3026,1.3041,1.2921,NULL,-0.23%
2022-05-10,1.3023,1.3011,1.3054,1.2961,NULL,0.12%
2022-05-09,1.3007,1.2907,1.3017,1.2893,NULL,0.79%
2022-05-06,1.2905,1.2835,1.2914,1.2813,NULL,0.57%
2022-05-05,1.2832,1.2747,1.2870,1.2711,NULL,0.79%
2022-05-04,1.2731,1.2844,1.2855,1.2728,NULL,-0.86%
2022-05-03,1.2841,1.2883,1.2895,1.2824,NULL,-0.29%
2022-05-02,1.2878,1.2841,1.2915,1.2839,NULL,0.17%
2022-04-29,1.2856,1.2807,1.2863,1.2718,NULL,0.40%
2022-04-28,1.2805,1.2821,1.2881,1.2790,NULL,-0.11%
2022-04-27,1.2819,1.2822,1.2856,1.2777,NULL,-0.05%
2022-04-26,1.2825,1.2731,1.2829,1.2683,NULL,0.72%
2022-04-25,1.2733,1.2706,1.2779,1.2705,NULL,0.18%
2022-04-22,1.2710,1.2579,1.2728,1.2567,NULL,1.05%
2022-04-21,1.2578,1.2495,1.2592,1.2458,NULL,0.64%
2022-04-20,1.2498,1.2615,1.2626,1.2471,NULL,-0.94%
2022-04-19,1.2616,1.2614,1.2648,1.2567,NULL,0.01%
2022-04-18,1.2615,1.2613,1.2645,1.2603,NULL,0.03%
2022-04-15,1.2611,1.2601,1.2623,1.2591,NULL,0.10%
2022-04-14,1.2598,1.2569,1.2643,1.2521,NULL,0.25%
2022-04-13,1.2566,1.2642,1.2678,1.2554,NULL,-0.61%
2022-04-12,1.2643,1.2629,1.2663,1.2581,NULL,0.10%
2022-04-11,1.2631,1.2571,1.2642,1.2565,NULL,0.50%
2022-04-08,1.2568,1.2587,1.2620,1.2564,NULL,-0.17%
2022-04-07,1.2589,1.2543,1.2613,1.2536,NULL,0.37%
2022-04-06,1.2542,1.2489,1.2559,1.2479,NULL,0.46%
2022-04-05,1.2485,1.2483,1.2500,1.2402,NULL,-0.01%
2022-04-04,1.2486,1.2520,1.2530,1.2467,NULL,-0.26%
2022-04-01,1.2518,1.2502,1.2541,1.2479,NULL,0.15%
2022-03-31,1.2499,1.2480,1.2535,1.2464,NULL,0.15%
2022-03-30,1.2480,1.2503,1.2510,1.2429,NULL,-0.18%
2022-03-29,1.2502,1.2518,1.2532,1.2469,NULL,-0.14%
2022-03-28,1.2519,1.2479,1.2594,1.2472,NULL,0.37%
2022-03-25,1.2473,1.2527,1.2555,1.2464,NULL,-0.42%
2022-03-24,1.2526,1.2561,1.2588,1.2508,NULL,-0.26%
2022-03-23,1.2559,1.2570,1.2607,1.2542,NULL,-0.07%
2022-03-22,1.2568,1.2593,1.2624,1.2566,NULL,-0.19%
2022-03-21,1.2592,1.2604,1.2626,1.2564,NULL,-0.08%
2022-03-18,1.2602,1.2627,1.2648,1.2588,NULL,-0.18%
2022-03-17,1.2625,1.2677,1.2700,1.2612,NULL,-0.40%
2022-03-16,1.2676,1.2767,1.2780,1.2674,NULL,-0.68%
2022-03-15,1.2763,1.2824,1.2873,1.2760,NULL,-0.46%
2022-03-14,1.2822,1.2744,1.2828,1.2723,NULL,0.62%
2022-03-11,1.2743,1.2764,1.2796,1.2693,NULL,-0.19%
2022-03-10,1.2767,1.2811,1.2843,1.2750,NULL,-0.29%
2022-03-09,1.2804,1.2883,1.2896,1.2803,NULL,-0.59%
2022-03-08,1.2880,1.2821,1.2902,1.2795,NULL,0.48%
2022-03-07,1.2818,1.2732,1.2822,1.2685,NULL,0.69%
2022-03-04,1.2730,1.2681,1.2794,1.2668,NULL,0.39%
2022-03-03,1.2680,1.2631,1.2694,1.2586,NULL,0.41%
2022-03-02,1.2628,1.2740,1.2746,1.2627,NULL,-0.88%
2022-03-01,1.2740,1.2679,1.2752,1.2653,NULL,0.51%
2022-02-28,1.2675,1.2763,1.2811,1.2659,NULL,-0.24%
2022-02-25,1.2705,1.2816,1.2822,1.2695,NULL,-0.82%
2022-02-24,1.2810,1.2734,1.2879,1.2727,NULL,0.62%
2022-02-23,1.2731,1.2771,1.2773,1.2681,NULL,-0.30%
2022-02-22,1.2769,1.2750,1.2784,1.2718,NULL,0.14%
2022-02-21,1.2751,1.2752,1.2763,1.2721,NULL,0.02%
2022-02-18,1.2749,1.2704,1.2761,1.2673,NULL,0.37%
2022-02-17,1.2702,1.2688,1.2736,1.2675,NULL,0.17%
2022-02-16,1.2681,1.2720,1.2728,1.2664,NULL,-0.27%
2022-02-15,1.2715,1.2729,1.2776,1.2700,NULL,-0.10%
2022-02-14,1.2728,1.2744,1.2785,1.2719,NULL,-0.06%
2022-02-11,1.2736,1.2719,1.2756,1.2668,NULL,0.13%
2022-02-10,1.2719,1.2671,1.2729,1.2636,NULL,0.39%
2022-02-09,1.2670,1.2712,1.2717,1.2664,NULL,-0.32%
2022-02-08,1.2711,1.2668,1.2723,1.2663,NULL,0.35%
2022-02-07,1.2667,1.2763,1.2763,1.2657,NULL,-0.76%
2022-02-04,1.2764,1.2679,1.2789,1.2662,NULL,0.69%
2022-02-03,1.2676,1.2670,1.2717,1.2657,NULL,0.07%
2022-02-02,1.2667,1.2688,1.2707,1.2649,NULL,-0.15%
2022-02-01,1.2686,1.2708,1.2728,1.2655,NULL,-0.15%
2022-01-31,1.2705,1.2763,1.2779,1.2681,NULL,-0.44%
2022-01-28,1.2761,1.2743,1.2798,1.2712,NULL,0.16%
2022-01-27,1.2740,1.2670,1.2749,1.2649,NULL,0.59%
2022-01-26,1.2665,1.2623,1.2690,1.2559,NULL,0.30%
2022-01-25,1.2627,1.2637,1.2671,1.2597,NULL,-0.06%
2022-01-24,1.2634,1.2583,1.2703,1.2554,NULL,0.42%
2022-01-21,1.2581,1.2504,1.2590,1.2497,NULL,0.63%
2022-01-20,1.2502,1.2514,1.2518,1.2452,NULL,-0.09%
2022-01-19,1.2513,1.2515,1.2526,1.2450,NULL,0.01%
2022-01-18,1.2512,1.2516,1.2565,1.2485,NULL,-0.06%
2022-01-17,1.2519,1.2556,1.2559,1.2499,NULL,-0.27%
2022-01-14,1.2553,1.2521,1.2572,1.2468,NULL,0.26%
2022-01-13,1.2520,1.2510,1.2523,1.2451,NULL,0.10%
2022-01-12,1.2507,1.2575,1.2582,1.2493,NULL,-0.53%
2022-01-11,1.2574,1.2681,1.2684,1.2565,NULL,-0.82%
2022-01-10,1.2678,1.2649,1.2699,1.2610,NULL,0.27%
2022-01-07,1.2644,1.2733,1.2733,1.2632,NULL,-0.68%
2022-01-06,1.2730,1.2757,1.2815,1.2706,NULL,-0.17%
2022-01-05,1.2752,1.2707,1.2767,1.2691,NULL,0.36%
2022-01-04,1.2706,1.2746,1.2767,1.2666,NULL,-0.27%
2022-01-03,1.2741,1.2634,1.2780,1.2630,NULL,0.85%
2021-12-31,1.2634,1.2741,1.2752,1.2620,NULL,-0.83%
2021-12-30,1.2740,1.2796,1.2814,1.2734,NULL,-0.38%
2021-12-29,1.2788,1.2820,1.2837,1.2788,NULL,-0.27%
2021-12-28,1.2822,1.2787,1.2833,1.2780,NULL,0.31%
2021-12-27,1.2783,1.2812,1.2849,1.2779,NULL,-0.21%
2021-12-24,1.2810,1.2809,1.2836,1.2786,NULL,0.01%
2021-12-23,1.2809,1.2836,1.2855,1.2798,NULL,-0.19%
2021-12-22,1.2833,1.2917,1.2925,1.2832,NULL,-0.60%
2021-12-21,1.2910,1.2941,1.2949,1.2911,NULL,-0.24%
2021-12-20,1.2941,1.2893,1.2965,1.2883,NULL,0.43%
2021-12-17,1.2886,1.2773,1.2903,1.2770,NULL,0.91%
2021-12-16,1.2770,1.2835,1.2859,1.2761,NULL,-0.47%
2021-12-15,1.2830,1.2861,1.2938,1.2828,NULL,-0.24%
2021-12-14,1.2861,1.2805,1.2866,1.2795,NULL,0.45%
2021-12-13,1.2804,1.2725,1.2823,1.2705,NULL,0.66%
2021-12-10,1.2720,1.2714,1.2740,1.2679,NULL,0.06%
2021-12-09,1.2713,1.2656,1.2723,1.2649,NULL,0.49%
2021-12-08,1.2651,1.2639,1.2668,1.2607,NULL,0.10%
2021-12-07,1.2638,1.2753,1.2769,1.2635,NULL,-0.91%
2021-12-06,1.2754,1.2828,1.2843,1.2751,NULL,-0.69%
2021-12-03,1.2842,1.2804,1.2856,1.2741,NULL,0.27%
2021-12-02,1.2808,1.2817,1.2839,1.2776,NULL,-0.07%
2021-12-01,1.2817,1.2778,1.2831,1.2711,NULL,0.32%
2021-11-30,1.2776,1.2743,1.2838,1.2728,NULL,0.30%
2021-11-29,1.2738,1.2793,1.2795,1.2718,NULL,-0.38%
2021-11-26,1.2786,1.2648,1.2801,1.2645,NULL,1.09%
2021-11-25,1.2648,1.2666,1.2679,1.2638,NULL,-0.14%
2021-11-24,1.2666,1.2667,1.2712,1.2648,NULL,0.02%
2021-11-23,1.2664,1.2702,1.2746,1.2658,NULL,-0.27%
2021-11-22,1.2698,1.2634,1.2706,1.2625,NULL,0.47%
2021-11-19,1.2638,1.2601,1.2664,1.2582,NULL,0.30%
2021-11-18,1.2600,1.2611,1.2648,1.2590,NULL,-0.04%
2021-11-17,1.2605,1.2559,1.2624,1.2538,NULL,0.36%
2021-11-16,1.2560,1.2516,1.2569,1.2490,NULL,0.39%
2021-11-15,1.2511,1.2551,1.2557,1.2499,NULL,-0.25%
2021-11-12,1.2542,1.2579,1.2605,1.2539,NULL,-0.28%
2021-11-11,1.2577,1.2492,1.2598,1.2474,NULL,0.70%
2021-11-10,1.2489,1.2438,1.2504,1.2385,NULL,0.43%
2021-11-09,1.2436,1.2443,1.2487,1.2426,NULL,-0.04%
2021-11-08,1.2441,1.2462,1.2467,1.2433,NULL,-0.10%
2021-11-05,1.2454,1.2457,1.2481,1.2433,NULL,-0.01%
2021-11-04,1.2455,1.2391,1.2473,1.2375,NULL,0.53%
2021-11-03,1.2389,1.2405,1.2458,1.2379,NULL,-0.16%
2021-11-02,1.2409,1.2370,1.2426,1.2365,NULL,0.34%
2021-11-01,1.2367,1.2394,1.2405,1.2351,NULL,-0.16%
2021-10-29,1.2387,1.2346,1.2409,1.2328,NULL,0.36%
2021-10-28,1.2342,1.2355,1.2384,1.2330,NULL,-0.11%
2021-10-27,1.2356,1.2389,1.2433,1.2302,NULL,-0.26%
2021-10-26,1.2388,1.2380,1.2397,1.2350,NULL,0.06%
2021-10-25,1.2381,1.2369,1.2401,1.2338,NULL,0.11%
2021-10-22,1.2367,1.2363,1.2391,1.2321,NULL,0.02%
2021-10-21,1.2364,1.2322,1.2385,1.2288,NULL,0.37%
2021-10-20,1.2319,1.2363,1.2370,1.2306,NULL,-0.35%
2021-10-19,1.2362,1.2378,1.2384,1.2311,NULL,-0.10%
2021-10-18,1.2374,1.2371,1.2411,1.2346,NULL,0.06%
2021-10-15,1.2366,1.2370,1.2399,1.2336,NULL,-0.01%
2021-10-14,1.2367,1.2443,1.2451,1.2354,NULL,-0.59%
2021-10-13,1.2441,1.2465,1.2479,1.2430,NULL,-0.19%
2021-10-12,1.2465,1.2483,1.2500,1.2432,NULL,-0.14%
2021-10-11,1.2482,1.2476,1.2493,1.2445,NULL,0.10%
2021-10-08,1.2469,1.2549,1.2563,1.2449,NULL,-0.61%
2021-10-07,1.2546,1.2588,1.2601,1.2538,NULL,-0.33%
2021-10-06,1.2587,1.2582,1.2649,1.2574,NULL,0.05%
2021-10-05,1.2581,1.2591,1.2631,1.2543,NULL,-0.05%
2021-10-04,1.2587,1.2651,1.2656,1.2555,NULL,-0.47%
2021-10-01,1.2647,1.2679,1.2740,1.2626,NULL,-0.24%
2021-09-30,1.2678,1.2756,1.2764,1.2628,NULL,-0.60%
2021-09-29,1.2754,1.2687,1.2776,1.2666,NULL,0.54%
2021-09-28,1.2685,1.2628,1.2708,1.2591,NULL,0.46%
2021-09-27,1.2627,1.2655,1.2674,1.2608,NULL,-0.20%
2021-09-24,1.2652,1.2653,1.2732,1.2638,NULL,-0.02%
2021-09-23,1.2655,1.2772,1.2797,1.2630,NULL,-0.90%
2021-09-22,1.2770,1.2824,1.2834,1.2696,NULL,-0.35%
2021-09-21,1.2815,1.2826,1.2849,1.2740,NULL,-0.08%
2021-09-20,1.2825,1.2765,1.2897,1.2759,NULL,0.46%
2021-09-17,1.2766,1.2680,1.2774,1.2636,NULL,0.67%
2021-09-16,1.2681,1.2637,1.2700,1.2614,NULL,0.38%
2021-09-15,1.2633,1.2694,1.2710,1.2622,NULL,-0.47%
2021-09-14,1.2693,1.2651,1.2700,1.2598,NULL,0.33%
2021-09-13,1.2651,1.2686,1.2696,1.2635,NULL,-0.30%
2021-09-10,1.2689,1.2664,1.2696,1.2580,NULL,0.21%
2021-09-09,1.2662,1.2690,1.2729,1.2620,NULL,-0.21%
2021-09-08,1.2689,1.2645,1.2763,1.2624,NULL,0.33%
2021-09-07,1.2647,1.2536,1.2657,1.2517,NULL,0.88%
2021-09-06,1.2537,1.2525,1.2560,1.2516,NULL,0.09%
2021-09-03,1.2526,1.2553,1.2563,1.2491,NULL,-0.20%
2021-09-02,1.2551,1.2620,1.2639,1.2546,NULL,-0.52%
2021-09-01,1.2616,1.2622,1.2639,1.2578,NULL,0.02%
2021-08-31,1.2614,1.2606,1.2655,1.2567,NULL,0.10%
2021-08-30,1.2601,1.2622,1.2636,1.2571,NULL,-0.20%
2021-08-27,1.2626,1.2688,1.2710,1.2603,NULL,-0.44%
2021-08-26,1.2682,1.2592,1.2697,1.2584,NULL,0.74%
2021-08-25,1.2589,1.2587,1.2645,1.2584,NULL,0.00%
2021-08-24,1.2589,1.2649,1.2662,1.2576,NULL,-0.44%
2021-08-23,1.2645,1.2821,1.2842,1.2640,NULL,-1.37%
2021-08-20,1.2821,1.2825,1.2950,1.2812,NULL,-0.04%
2021-08-19,1.2826,1.2656,1.2832,1.2646,NULL,1.35%
2021-08-18,1.2655,1.2630,1.2664,1.2595,NULL,0.20%
2021-08-17,1.2630,1.2573,1.2649,1.2565,NULL,0.46%
2021-08-16,1.2572,1.2519,1.2586,1.2510,NULL,0.47%
2021-08-13,1.2513,1.2527,1.2535,1.2499,NULL,-0.10%
2021-08-12,1.2525,1.2506,1.2534,1.2498,NULL,0.15%
2021-08-11,1.2506,1.2524,1.2550,1.2486,NULL,-0.10%
2021-08-10,1.2519,1.2574,1.2591,1.2516,NULL,-0.44%
2021-08-09,1.2574,1.2553,1.2588,1.2529,NULL,0.18%
2021-08-06,1.2552,1.2509,1.2582,1.2491,NULL,0.36%
2021-08-05,1.2507,1.2536,1.2548,1.2472,NULL,-0.22%
2021-08-04,1.2534,1.2538,1.2563,1.2513,NULL,-0.02%
2021-08-03,1.2536,1.2512,1.2577,1.2487,NULL,0.22%
2021-08-02,1.2509,1.2479,1.2517,1.2450,NULL,0.31%
2021-07-30,1.2470,1.2447,1.2492,1.2420,NULL,0.21%
2021-07-29,1.2444,1.2530,1.2540,1.2430,NULL,-0.66%
2021-07-28,1.2527,1.2602,1.2605,1.2513,NULL,-0.58%
2021-07-27,1.2600,1.2550,1.2605,1.2536,NULL,0.48%
2021-07-26,1.2540,1.2563,1.2592,1.2525,NULL,-0.17%
2021-07-23,1.2561,1.2567,1.2609,1.2553,NULL,-0.02%
2021-07-22,1.2564,1.2560,1.2596,1.2527,NULL,0.10%
2021-07-21,1.2552,1.2681,1.2732,1.2523,NULL,-0.99%
2021-07-20,1.2677,1.2750,1.2788,1.2671,NULL,-0.56%
2021-07-19,1.2748,1.2610,1.2809,1.2605,NULL,1.09%
2021-07-16,1.2611,1.2593,1.2622,1.2559,NULL,0.15%
2021-07-15,1.2592,1.2508,1.2615,1.2499,NULL,0.69%
2021-07-14,1.2506,1.2511,1.2527,1.2429,NULL,-0.03%
2021-07-13,1.2510,1.2454,1.2540,1.2440,NULL,0.47%
2021-07-12,1.2451,1.2442,1.2515,1.2442,NULL,0.04%
2021-07-09,1.2446,1.2532,1.2558,1.2441,NULL,-0.69%
2021-07-08,1.2532,1.2478,1.2592,1.2473,NULL,0.44%
2021-07-07,1.2477,1.2463,1.2521,1.2420,NULL,0.12%
2021-07-06,1.2462,1.2342,1.2496,1.2300,NULL,1.01%
2021-07-05,1.2338,1.2321,1.2373,1.2309,NULL,0.15%
2021-07-02,1.2319,1.2439,1.2451,1.2306,NULL,-0.94%
2021-07-01,1.2436,1.2399,1.2447,1.2362,NULL,0.34%
2021-06-30,1.2394,1.2402,1.2425,1.2353,NULL,-0.06%
2021-06-29,1.2401,1.2337,1.2403,1.2329,NULL,0.54%
2021-06-28,1.2335,1.2295,1.2349,1.2285,NULL,0.33%
2021-06-25,1.2294,1.2326,1.2330,1.2269,NULL,-0.23%
2021-06-24,1.2322,1.2310,1.2342,1.2280,NULL,0.14%
2021-06-23,1.2305,1.2308,1.2330,1.2250,NULL,0.00%
2021-06-22,1.2305,1.2363,1.2403,1.2300,NULL,-0.44%
2021-06-21,1.2359,1.2465,1.2487,1.2351,NULL,-0.83%
2021-06-18,1.2462,1.2360,1.2481,1.2336,NULL,0.82%
2021-06-17,1.2361,1.2277,1.2379,1.2260,NULL,0.69%
2021-06-16,1.2276,1.2183,1.2285,1.2154,NULL,0.79%
2021-06-15,1.2180,1.2144,1.2205,1.2127,NULL,0.32%
2021-06-14,1.2141,1.2150,1.2172,1.2126,NULL,-0.12%
2021-06-11,1.2155,1.2093,1.2178,1.2078,NULL,0.50%
2021-06-10,1.2094,1.2112,1.2126,1.2068,NULL,-0.12%
2021-06-09,1.2109,1.2111,1.2119,1.2056,NULL,-0.01%
2021-06-08,1.2110,1.2081,1.2119,1.2068,NULL,0.26%
2021-06-07,1.2079,1.2075,1.2108,1.2054,NULL,0.00%
2021-06-04,1.2079,1.2107,1.2135,1.2068,NULL,-0.19%
2021-06-03,1.2102,1.2034,1.2121,1.2028,NULL,0.58%
2021-06-02,1.2032,1.2071,1.2093,1.2027,NULL,-0.31%
2021-06-01,1.2070,1.2064,1.2079,1.2004,NULL,0.07%
2021-05-31,1.2062,1.2070,1.2093,1.2044,NULL,-0.05%
2021-05-28,1.2068,1.2063,1.2121,1.2061,NULL,0.03%
2021-05-27,1.2064,1.2120,1.2142,1.2054,NULL,-0.44%
2021-05-26,1.2117,1.2070,1.2129,1.2041,NULL,0.46%
2021-05-25,1.2062,1.2045,1.2079,1.2027,NULL,0.19%
2021-05-24,1.2039,1.2061,1.2087,1.2038,NULL,-0.22%
2021-05-21,1.2066,1.2061,1.2096,1.2025,NULL,0.07%
2021-05-20,1.2058,1.2127,1.2146,1.2047,NULL,-0.60%
2021-05-19,1.2131,1.2066,1.2144,1.2052,NULL,0.56%
2021-05-18,1.2064,1.2068,1.2082,1.2011,NULL,-0.02%
2021-05-17,1.2066,1.2098,1.2138,1.2058,NULL,-0.30%
2021-05-14,1.2102,1.2159,1.2180,1.2078,NULL,-0.48%
2021-05-13,1.2160,1.2133,1.2204,1.2102,NULL,0.24%
2021-05-12,1.2131,1.2102,1.2138,1.2044,NULL,0.26%
2021-05-11,1.2099,1.2097,1.2127,1.2077,NULL,0.02%
2021-05-10,1.2097,1.2157,1.2157,1.2076,NULL,-0.27%
2021-05-07,1.2130,1.2148,1.2194,1.2123,NULL,-0.15%
2021-05-06,1.2148,1.2268,1.2290,1.2143,NULL,-0.95%
2021-05-05,1.2264,1.2307,1.2316,1.2250,NULL,-0.37%
2021-05-04,1.2309,1.2277,1.2352,1.2272,NULL,0.27%
2021-05-03,1.2276,1.2289,1.2319,1.2264,NULL,-0.11%
2021-04-30,1.2289,1.2282,1.2323,1.2264,NULL,0.08%
2021-04-29,1.2279,1.2316,1.2326,1.2273,NULL,-0.27%
2021-04-28,1.2312,1.2399,1.2419,1.2308,NULL,-0.65%
2021-04-27,1.2393,1.2398,1.2420,1.2386,NULL,-0.02%
2021-04-26,1.2395,1.2482,1.2492,1.2381,NULL,-0.64%
2021-04-23,1.2475,1.2508,1.2511,1.2459,NULL,-0.23%
2021-04-22,1.2504,1.2497,1.2536,1.2470,NULL,0.06%
2021-04-21,1.2496,1.2609,1.2654,1.2457,NULL,-0.88%
2021-04-20,1.2607,1.2533,1.2624,1.2476,NULL,0.60%
2021-04-19,1.2532,1.2494,1.2546,1.2469,NULL,0.22%
2021-04-16,1.2504,1.2542,1.2561,1.2492,NULL,-0.30%
2021-04-15,1.2541,1.2521,1.2560,1.2474,NULL,0.17%
2021-04-14,1.2520,1.2536,1.2577,1.2498,NULL,-0.09%
2021-04-13,1.2531,1.2562,1.2630,1.2525,NULL,-0.24%
2021-04-12,1.2561,1.2534,1.2575,1.2525,NULL,0.27%
2021-04-09,1.2527,1.2563,1.2613,1.2523,NULL,-0.28%
2021-04-08,1.2562,1.2607,1.2628,1.2556,NULL,-0.36%
2021-04-07,1.2607,1.2566,1.2636,1.2562,NULL,0.35%
2021-04-06,1.2563,1.2524,1.2584,1.2514,NULL,0.34%
2021-04-05,1.2521,1.2576,1.2596,1.2499,NULL,-0.41%
2021-04-02,1.2573,1.2547,1.2582,1.2525,NULL,0.22%
2021-04-01,1.2545,1.2562,1.2603,1.2541,NULL,-0.10%
2021-03-31,1.2558,1.2633,1.2637,1.2537,NULL,-0.60%
2021-03-30,1.2634,1.2591,1.2647,1.2578,NULL,0.37%
2021-03-29,1.2588,1.2574,1.2628,1.2569,NULL,0.10%
2021-03-26,1.2576,1.2611,1.2614,1.2558,NULL,-0.27%
2021-03-25,1.2610,1.2577,1.2631,1.2544,NULL,0.28%
2021-03-24,1.2575,1.2585,1.2610,1.2540,NULL,-0.08%
2021-03-23,1.2585,1.2519,1.2596,1.2514,NULL,0.52%
2021-03-22,1.2520,1.2502,1.2542,1.2471,NULL,0.18%
2021-03-19,1.2497,1.2488,1.2548,1.2459,NULL,0.10%
2021-03-18,1.2484,1.2405,1.2528,1.2363,NULL,0.68%
2021-03-17,1.2400,1.2448,1.2495,1.2399,NULL,-0.35%
2021-03-16,1.2443,1.2471,1.2502,1.2433,NULL,-0.20%
2021-03-15,1.2468,1.2471,1.2514,1.2441,NULL,-0.02%
2021-03-12,1.2471,1.2532,1.2575,1.2459,NULL,-0.44%
2021-03-11,1.2526,1.2617,1.2626,1.2518,NULL,-0.72%
2021-03-10,1.2617,1.2637,1.2685,1.2607,NULL,-0.13%
2021-03-09,1.2634,1.2663,1.2687,1.2588,NULL,-0.21%
2021-03-08,1.2660,1.2662,1.2701,1.2620,NULL,0.04%
2021-03-05,1.2655,1.2665,1.2739,1.2643,NULL,-0.08%
2021-03-04,1.2665,1.2656,1.2695,1.2573,NULL,0.09%
2021-03-03,1.2653,1.2633,1.2659,1.2590,NULL,0.17%
2021-03-02,1.2631,1.2647,1.2700,1.2598,NULL,-0.11%
2021-03-01,1.2645,1.2723,1.2740,1.2638,NULL,-0.74%
2021-02-26,1.2739,1.2603,1.2751,1.2585,NULL,1.11%
2021-02-25,1.2599,1.2512,1.2616,1.2466,NULL,0.70%
2021-02-24,1.2511,1.2586,1.2599,1.2503,NULL,-0.60%
2021-02-23,1.2587,1.2611,1.2648,1.2577,NULL,-0.18%
2021-02-22,1.2610,1.2623,1.2655,1.2578,NULL,0.00%
2021-02-19,1.2610,1.2679,1.2715,1.2592,NULL,-0.53%
2021-02-18,1.2677,1.2704,1.2732,1.2663,NULL,-0.17%
2021-02-17,1.2699,1.2689,1.2746,1.2683,NULL,0.10%
2021-02-16,1.2686,1.2645,1.2704,1.2608,NULL,0.38%
2021-02-15,1.2638,1.2694,1.2694,1.2628,NULL,-0.44%
2021-02-12,1.2694,1.2702,1.2764,1.2674,NULL,-0.06%
2021-02-11,1.2702,1.2699,1.2713,1.2658,NULL,0.02%
2021-02-10,1.2699,1.2690,1.2714,1.2665,NULL,0.05%
2021-02-09,1.2693,1.2739,1.2767,1.2690,NULL,-0.35%
2021-02-08,1.2738,1.2767,1.2784,1.2733,NULL,-0.10%
2021-02-05,1.2751,1.2828,1.2834,1.2749,NULL,-0.58%
2021-02-04,1.2825,1.2785,1.2846,1.2775,NULL,0.34%
2021-02-03,1.2781,1.2781,1.2813,1.2761,NULL,0.01%
2021-02-02,1.2780,1.2851,1.2871,1.2778,NULL,-0.54%
2021-02-01,1.2849,1.2777,1.2866,1.2759,NULL,0.56%
2021-01-29,1.2777,1.2830,1.2876,1.2736,NULL,-0.40%
2021-01-28,1.2828,1.2798,1.2883,1.2785,NULL,0.23%
2021-01-27,1.2798,1.2694,1.2824,1.2683,NULL,0.86%
2021-01-26,1.2689,1.2738,1.2784,1.2688,NULL,-0.38%
2021-01-25,1.2738,1.2719,1.2780,1.2685,NULL,0.02%
2021-01-22,1.2735,1.2637,1.2742,1.2631,NULL,0.81%
2021-01-21,1.2633,1.2637,1.2649,1.2588,NULL,0.03%
2021-01-20,1.2629,1.2737,1.2748,1.2604,NULL,-0.80%
2021-01-19,1.2731,1.2759,1.2765,1.2712,NULL,-0.18%
2021-01-18,1.2754,1.2734,1.2801,1.2724,NULL,0.17%
2021-01-15,1.2732,1.2634,1.2765,1.2634,NULL,0.77%
2021-01-14,1.2635,1.2699,1.2712,1.2623,NULL,-0.46%
2021-01-13,1.2694,1.2708,1.2748,1.2678,NULL,-0.11%
2021-01-12,1.2708,1.2782,1.2793,1.2706,NULL,-0.59%
2021-01-11,1.2783,1.2691,1.2837,1.2690,NULL,0.79%
2021-01-08,1.2683,1.2691,1.2744,1.2656,NULL,-0.03%
2021-01-07,1.2687,1.2677,1.2735,1.2661,NULL,0.10%
2021-01-06,1.2674,1.2666,1.2724,1.2628,NULL,0.03%
2021-01-05,1.2670,1.2777,1.2793,1.2654,NULL,-0.84%
2021-01-04,1.2777,1.2725,1.2799,1.2663,NULL,0.39%
2021-01-01,1.2727,1.2734,1.2739,1.2723,NULL,-0.02%